density,canopy,simulation,plantNb,organ_type,age_in_degree_days_dd of plant,age_in_days_d of plant,Organ_ID,rank,order,absorbedPAR [umol s^-1],dry_biomass_mg[mg],dry_biomass_growth_mg for dynamic,area_m2[m^2],area_m2 of just blades (not segments),SLA
High,experiment,Sim1,1,4,0,0,organs.Leaf[id=439678]@5ebe5792,2,0,0.002693198,0,0,0.0017783,0.0017,0
High,experiment,Sim1,1,4,0,0,organs.Leaf[id=439679]@39dd18d9,2,0,0.002550057,0,0,0.00178175,0.0017,0
High,experiment,Sim1,1,4,0,0,organs.Leaf[id=439685]@1ed9d8d2,3,0,0.010704944,0,0,0.006200289,0.006,0
High,experiment,Sim1,1,4,0,0,organs.Leaf[id=439691]@7b958c70,4,0,0.04040866,0,0,0.007347007,0.0071,0
High,experiment,Sim1,1,4,0,0,organs.Leaf[id=439697]@666cc516,5,0,0.096955482,0,0,0.007765469,0.0075,0
High,experiment,Sim1,1,4,0,0,organs.Leaf[id=439703]@449d4c65,6,0,0.131617316,0,0,0.008647616,0.0084,0
High,experiment,Sim1,1,4,0,0,organs.Leaf[id=439709]@e40397b,7,0,0.246928377,0,0,0.006855323,0.0066,0
High,experiment,Sim1,1,4,0,0,organs.Leaf[id=439715]@ee5ae72,8,0,0.155757546,0,0,0.005044047,0.0048,0
High,experiment,Sim1,1,4,0,0,organs.Leaf[id=439721]@6b93846b,9,0,0.066273709,0,0,0.001851795,0.0017,0
High,experiment,Sim1,1,4,0,0,organs.Leaf[id=439727]@5d42d6de,10,0,0.02139973,0,0,0.000452,0.0004,0
High,experiment,Sim1,2,4,0,0,organs.Leaf[id=439739]@248ea9d3,2,0,0.006367324,0,0,0.001801127,0.0017,0
High,experiment,Sim1,2,4,0,0,organs.Leaf[id=439740]@5f19d536,2,0,0.003484866,0,0,0.001781561,0.0017,0
High,experiment,Sim1,2,4,0,0,organs.Leaf[id=439746]@5f6db7ae,3,0,0.04131573,0,0,0.006177705,0.006,0
High,experiment,Sim1,2,4,0,0,organs.Leaf[id=439752]@2ad92509,4,0,0.018470184,0,0,0.007295664,0.0071,0
High,experiment,Sim1,2,4,0,0,organs.Leaf[id=439758]@49aaea9,5,0,0.054465273,0,0,0.007768753,0.0075,0
High,experiment,Sim1,2,4,0,0,organs.Leaf[id=439764]@164c11d8,6,0,0.23017042,0,0,0.008609992,0.0084,0
High,experiment,Sim1,2,4,0,0,organs.Leaf[id=439770]@1a63bc4,7,0,0.168537017,0,0,0.006783419,0.0066,0
High,experiment,Sim1,2,4,0,0,organs.Leaf[id=439776]@433821de,8,0,0.270096291,0,0,0.00494933,0.0048,0
High,experiment,Sim1,2,4,0,0,organs.Leaf[id=439782]@3f3021a9,9,0,0.035846447,0,0,0.001754555,0.0017,0
High,experiment,Sim1,3,4,0,0,organs.Leaf[id=439794]@63cc8b4a,2,0,0.001297615,0,0,0.00176185,0.0017,0
High,experiment,Sim1,3,4,0,0,organs.Leaf[id=439795]@5180b230,2,0,0.003607747,0,0,0.001783295,0.0017,0
High,experiment,Sim1,3,4,0,0,organs.Leaf[id=439801]@22d4fc90,3,0,0.012009209,0,0,0.006138049,0.006,0
High,experiment,Sim1,3,4,0,0,organs.Leaf[id=439807]@11f00555,4,0,0.050216707,0,0,0.007355726,0.0071,0
High,experiment,Sim1,3,4,0,0,organs.Leaf[id=439813]@679f508b,5,0,0.059676998,0,0,0.007734599,0.0075,0
High,experiment,Sim1,3,4,0,0,organs.Leaf[id=439819]@39cad760,6,0,0.11617119,0,0,0.008569304,0.0084,0
High,experiment,Sim1,3,4,0,0,organs.Leaf[id=439825]@3031ae13,7,0,0.09349018,0,0,0.006811618,0.0066,0
High,experiment,Sim1,3,4,0,0,organs.Leaf[id=439831]@61d916b1,8,0,0.086552812,0,0,0.004981026,0.0048,0
High,experiment,Sim1,3,4,0,0,organs.Leaf[id=439837]@74842377,9,0,0.119559996,0,0,0.0018778,0.0017,0
High,experiment,Sim1,3,4,0,0,organs.Leaf[id=439843]@7821cbde,10,0,0.027113237,0,0,0.000458,0.0004,0
High,experiment,Sim1,3,4,0,0,organs.Leaf[id=439849]@e73f477,11,0,0.025788829,0,0,0.000386,0.0003,0
High,experiment,Sim1,4,4,0,0,organs.Leaf[id=439861]@4ab18bcc,2,0,0.007460688,0,0,0.001779501,0.0017,0
High,experiment,Sim1,4,4,0,0,organs.Leaf[id=439862]@5f3a251d,2,0,0.005241593,0,0,0.001763852,0.0017,0
High,experiment,Sim1,4,4,0,0,organs.Leaf[id=439868]@102de2f9,3,0,0.013141777,0,0,0.006172149,0.006,0
High,experiment,Sim1,4,4,0,0,organs.Leaf[id=439874]@49f0a8ac,4,0,0.058339349,0,0,0.007315411,0.0071,0
High,experiment,Sim1,4,4,0,0,organs.Leaf[id=439880]@2692c533,5,0,0.048810909,0,0,0.007718313,0.0075,0
High,experiment,Sim1,4,4,0,0,organs.Leaf[id=439886]@64f83c76,6,0,0.118170221,0,0,0.008661971,0.0084,0
High,experiment,Sim1,4,4,0,0,organs.Leaf[id=439892]@13f8775b,7,0,0.272348053,0,0,0.006854309,0.0066,0
High,experiment,Sim1,4,4,0,0,organs.Leaf[id=439898]@7f719f61,8,0,0.184755825,0,0,0.004989347,0.0048,0
High,experiment,Sim1,4,4,0,0,organs.Leaf[id=439904]@5f26b999,9,0,0.086164866,0,0,0.001859107,0.0017,0
High,experiment,Sim1,5,4,0,0,organs.Leaf[id=439916]@576542ef,2,0,0.002387413,0,0,0.001768917,0.0017,0
High,experiment,Sim1,5,4,0,0,organs.Leaf[id=439917]@34a109d9,2,0,0.002675234,0,0,0.001776471,0.0017,0
High,experiment,Sim1,5,4,0,0,organs.Leaf[id=439923]@7ec22328,3,0,0.005603767,0,0,0.006237779,0.006,0
High,experiment,Sim1,5,4,0,0,organs.Leaf[id=439929]@5546368d,4,0,0.021330321,0,0,0.007321383,0.0071,0
High,experiment,Sim1,5,4,0,0,organs.Leaf[id=439935]@383ed56a,5,0,0.027536828,0,0,0.007722652,0.0075,0
High,experiment,Sim1,5,4,0,0,organs.Leaf[id=439941]@c8ceeed,6,0,0.055222158,0,0,0.008650764,0.0084,0
High,experiment,Sim1,5,4,0,0,organs.Leaf[id=439947]@1d5520b2,7,0,0.172442044,0,0,0.006844789,0.0066,0
High,experiment,Sim1,5,4,0,0,organs.Leaf[id=439953]@44ed90e9,8,0,0.123566618,0,0,0.005005885,0.0048,0
High,experiment,Sim1,5,4,0,0,organs.Leaf[id=439959]@620ec91d,9,0,0.054048756,0,0,0.001920749,0.0017,0
High,experiment,Sim1,6,4,0,0,organs.Leaf[id=439971]@454c7882,2,0,0.005221581,0,0,0.001793898,0.0017,0
High,experiment,Sim1,6,4,0,0,organs.Leaf[id=439972]@21dc07c4,2,0,0.002227579,0,0,0.001775294,0.0017,0
High,experiment,Sim1,6,4,0,0,organs.Leaf[id=439978]@61116b06,3,0,0.013493914,0,0,0.006210795,0.006,0
High,experiment,Sim1,6,4,0,0,organs.Leaf[id=439984]@5abc2cbe,4,0,0.008920589,0,0,0.007349744,0.0071,0
High,experiment,Sim1,6,4,0,0,organs.Leaf[id=439990]@5e915a29,5,0,0.063058035,0,0,0.007780351,0.0075,0
High,experiment,Sim1,6,4,0,0,organs.Leaf[id=439996]@833f39,6,0,0.13181688,0,0,0.008615392,0.0084,0
High,experiment,Sim1,6,4,0,0,organs.Leaf[id=440002]@6a94585,7,0,0.234495506,0,0,0.006828301,0.0066,0
High,experiment,Sim1,6,4,0,0,organs.Leaf[id=440008]@103bfb21,8,0,0.137392762,0,0,0.004972757,0.0048,0
High,experiment,Sim1,6,4,0,0,organs.Leaf[id=440014]@290454ea,9,0,0.101221608,0,0,0.00194147,0.0017,0
High,canopyA,Sim1,1,4,0,0,organs.Leaf[id=443270]@650c07c4,2,0,0.002182989,0,0,0.001770017,0.0017,0
High,canopyA,Sim1,1,4,0,0,organs.Leaf[id=443271]@7596eb73,2,0,0.002418659,0,0,0.001780934,0.0017,0
High,canopyA,Sim1,1,4,0,0,organs.Leaf[id=443277]@1e5fffa4,3,0,0.011621782,0,0,0.006147356,0.006,0
High,canopyA,Sim1,1,4,0,0,organs.Leaf[id=443283]@24ae3e34,4,0,0.011657928,0,0,0.007315365,0.0071,0
High,canopyA,Sim1,1,4,0,0,organs.Leaf[id=443289]@3ddbb0be,5,0,0.05501209,0,0,0.007741152,0.0075,0
High,canopyA,Sim1,1,4,0,0,organs.Leaf[id=443295]@5407a1e9,6,0,0.16346319,0,0,0.008637419,0.0084,0
High,canopyA,Sim1,1,4,0,0,organs.Leaf[id=443301]@43c7f1e3,7,0,0.167538844,0,0,0.006810042,0.0066,0
High,canopyA,Sim1,1,4,0,0,organs.Leaf[id=443307]@67307fe0,8,0,0.158576705,0,0,0.004992111,0.0048,0
High,canopyA,Sim1,1,4,0,0,organs.Leaf[id=443313]@55ccf3d2,9,0,0.08465457,0,0,0.001957687,0.0017,0
High,canopyA,Sim1,2,4,0,0,organs.Leaf[id=443325]@3ff7979e,2,0,0.00097781,0,0,0.00177994,0.0017,0
High,canopyA,Sim1,2,4,0,0,organs.Leaf[id=443326]@3dfd7f9f,2,0,0.001502943,0,0,0.001775118,0.0017,0
High,canopyA,Sim1,2,4,0,0,organs.Leaf[id=443332]@4a60ea53,3,0,0.005722439,0,0,0.006193876,0.006,0
High,canopyA,Sim1,2,4,0,0,organs.Leaf[id=443338]@1585e418,4,0,0.027998824,0,0,0.007330918,0.0071,0
High,canopyA,Sim1,2,4,0,0,organs.Leaf[id=443344]@5d8d1197,5,0,0.039983424,0,0,0.00772997,0.0075,0
High,canopyA,Sim1,2,4,0,0,organs.Leaf[id=443350]@156557be,6,0,0.21246885,0,0,0.008636009,0.0084,0
High,canopyA,Sim1,2,4,0,0,organs.Leaf[id=443356]@a49be15,7,0,0.11340955,0,0,0.006871707,0.0066,0
High,canopyA,Sim1,2,4,0,0,organs.Leaf[id=443362]@6a1ee150,8,0,0.232632667,0,0,0.004983164,0.0048,0
High,canopyA,Sim1,2,4,0,0,organs.Leaf[id=443368]@d0e7313,9,0,0.104946904,0,0,0.001928522,0.0017,0
High,canopyA,Sim1,2,4,0,0,organs.Leaf[id=443374]@1037c657,10,0,0.024446634,0,0,0.00046741,0.0004,0
High,canopyA,Sim1,3,4,0,0,organs.Leaf[id=443391]@6a019243,2,0,0.003985147,0,0,0.001787575,0.0017,0
High,canopyA,Sim1,3,4,0,0,organs.Leaf[id=443392]@766d8c8c,2,0,0.005329224,0,0,0.001766107,0.0017,0
High,canopyA,Sim1,3,4,0,0,organs.Leaf[id=443398]@710175c4,3,0,0.007464174,0,0,0.006161427,0.006,0
High,canopyA,Sim1,3,4,0,0,organs.Leaf[id=443404]@4aa35ce5,4,0,0.038689178,0,0,0.007354356,0.0071,0
High,canopyA,Sim1,3,4,0,0,organs.Leaf[id=443410]@78c1921c,5,0,0.052664371,0,0,0.007755454,0.0075,0
High,canopyA,Sim1,3,4,0,0,organs.Leaf[id=443416]@5a889a53,6,0,0.229678297,0,0,0.008615485,0.0084,0
High,canopyA,Sim1,3,4,0,0,organs.Leaf[id=443422]@2eff80e3,7,0,0.176990729,0,0,0.006807635,0.0066,0
High,canopyA,Sim1,3,4,0,0,organs.Leaf[id=443428]@764abd6e,8,0,0.214949919,0,0,0.004948357,0.0048,0
High,canopyA,Sim1,3,4,0,0,organs.Leaf[id=443434]@4bb2a7f2,9,0,0.100659559,0,0,0.001797837,0.0017,0
High,canopyA,Sim1,4,4,0,0,organs.Leaf[id=443446]@1ca3eed8,2,0,0.004492436,0,0,0.001772709,0.0017,0
High,canopyA,Sim1,4,4,0,0,organs.Leaf[id=443447]@15a45e41,2,0,0.000694429,0,0,0.001770395,0.0017,0
High,canopyA,Sim1,4,4,0,0,organs.Leaf[id=443453]@3a086b9c,3,0,0.006447413,0,0,0.006159036,0.006,0
High,canopyA,Sim1,4,4,0,0,organs.Leaf[id=443459]@c430398,4,0,0.005804055,0,0,0.007362146,0.0071,0
High,canopyA,Sim1,4,4,0,0,organs.Leaf[id=443465]@4e76c535,5,0,0.047555427,0,0,0.007773586,0.0075,0
High,canopyA,Sim1,4,4,0,0,organs.Leaf[id=443471]@388f198,6,0,0.028428877,0,0,0.00864759,0.0084,0
High,canopyA,Sim1,4,4,0,0,organs.Leaf[id=443477]@656ee39e,7,0,0.068851929,0,0,0.006901903,0.0066,0
High,canopyA,Sim1,4,4,0,0,organs.Leaf[id=443483]@174ae24c,8,0,0.181986145,0,0,0.004973835,0.0048,0
High,canopyA,Sim1,4,4,0,0,organs.Leaf[id=443489]@53db1b98,9,0,0.097825064,0,0,0.001859284,0.0017,0
High,canopyA,Sim1,5,4,0,0,organs.Leaf[id=443501]@4c1367c4,2,0,0.008323737,0,0,0.001780762,0.0017,0
High,canopyA,Sim1,5,4,0,0,organs.Leaf[id=443502]@13811a6e,2,0,0.003718784,0,0,0.001784085,0.0017,0
High,canopyA,Sim1,5,4,0,0,organs.Leaf[id=443508]@4a83f61f,3,0,0.017407743,0,0,0.00618975,0.006,0
High,canopyA,Sim1,5,4,0,0,organs.Leaf[id=443514]@7d62553a,4,0,0.071068139,0,0,0.00734318,0.0071,0
High,canopyA,Sim1,5,4,0,0,organs.Leaf[id=443520]@2ea846d6,5,0,0.117116486,0,0,0.007748931,0.0075,0
High,canopyA,Sim1,5,4,0,0,organs.Leaf[id=443526]@11f7ad02,6,0,0.102965928,0,0,0.008620067,0.0084,0
High,canopyA,Sim1,5,4,0,0,organs.Leaf[id=443532]@684e8d03,7,0,0.169313379,0,0,0.006797376,0.0066,0
High,canopyA,Sim1,5,4,0,0,organs.Leaf[id=443538]@4f319f6,8,0,0.224690026,0,0,0.004914565,0.0048,0
High,canopyA,Sim1,5,4,0,0,organs.Leaf[id=443544]@1055b996,9,0,0.098139356,0,0,0.001821099,0.0017,0
High,canopyA,Sim1,6,4,0,0,organs.Leaf[id=443556]@2d59aa05,2,0,0.001716846,0,0,0.001784772,0.0017,0
High,canopyA,Sim1,6,4,0,0,organs.Leaf[id=443557]@6c72eaa2,2,0,0.002613389,0,0,0.001785625,0.0017,0
High,canopyA,Sim1,6,4,0,0,organs.Leaf[id=443563]@1e06a532,3,0,0.011304381,0,0,0.006136232,0.006,0
High,canopyA,Sim1,6,4,0,0,organs.Leaf[id=443569]@23ec40c6,4,0,0.017384284,0,0,0.007346791,0.0071,0
High,canopyA,Sim1,6,4,0,0,organs.Leaf[id=443575]@71cbfb71,5,0,0.111062935,0,0,0.007849951,0.0075,0
High,canopyA,Sim1,6,4,0,0,organs.Leaf[id=443581]@33e5e0bc,6,0,0.173548159,0,0,0.008618611,0.0084,0
High,canopyA,Sim1,6,4,0,0,organs.Leaf[id=443587]@5095fa35,7,0,0.245864572,0,0,0.006849358,0.0066,0
High,canopyA,Sim1,6,4,0,0,organs.Leaf[id=443593]@33ba4c48,8,0,0.216132145,0,0,0.004985379,0.0048,0
High,canopyA,Sim1,6,4,0,0,organs.Leaf[id=443599]@69e068b5,9,0,0.090570056,0,0,0.001873183,0.0017,0
High,canopyB,Sim1,1,4,0,0,organs.Leaf[id=441472]@6c3bcb38,2,0,0.003179632,0,0,0.001780665,0.0017,0
High,canopyB,Sim1,1,4,0,0,organs.Leaf[id=441473]@3c094e52,2,0,0.004571248,0,0,0.001773789,0.0017,0
High,canopyB,Sim1,1,4,0,0,organs.Leaf[id=441479]@454b3268,3,0,0.031462787,0,0,0.00618336,0.006,0
High,canopyB,Sim1,1,4,0,0,organs.Leaf[id=441485]@73e34ae1,4,0,0.022062123,0,0,0.007290325,0.0071,0
High,canopyB,Sim1,1,4,0,0,organs.Leaf[id=441491]@7e399b98,5,0,0.061308149,0,0,0.007737008,0.0075,0
High,canopyB,Sim1,1,4,0,0,organs.Leaf[id=441497]@3732bfa9,6,0,0.067051436,0,0,0.008622356,0.0084,0
High,canopyB,Sim1,1,4,0,0,organs.Leaf[id=441503]@644ebf67,7,0,0.24480287,0,0,0.006836046,0.0066,0
High,canopyB,Sim1,1,4,0,0,organs.Leaf[id=441509]@45a9942c,8,0,0.133029823,0,0,0.004957332,0.0048,0
High,canopyB,Sim1,1,4,0,0,organs.Leaf[id=441515]@348d4bf5,9,0,0.054662331,0,0,0.001770312,0.0017,0
High,canopyB,Sim1,2,4,0,0,organs.Leaf[id=441532]@7f05163b,2,0,0.004092562,0,0,0.001796596,0.0017,0
High,canopyB,Sim1,2,4,0,0,organs.Leaf[id=441533]@43361cc4,2,0,0.005095949,0,0,0.001770456,0.0017,0
High,canopyB,Sim1,2,4,0,0,organs.Leaf[id=441539]@5bf86cd3,3,0,0.02378448,0,0,0.006183069,0.006,0
High,canopyB,Sim1,2,4,0,0,organs.Leaf[id=441545]@2a31f724,4,0,0.038536152,0,0,0.007338769,0.0071,0
High,canopyB,Sim1,2,4,0,0,organs.Leaf[id=441551]@323b8101,5,0,0.103290394,0,0,0.007707971,0.0075,0
High,canopyB,Sim1,2,4,0,0,organs.Leaf[id=441557]@f5c4571,6,0,0.16943462,0,0,0.008622308,0.0084,0
High,canopyB,Sim1,2,4,0,0,organs.Leaf[id=441563]@11b57e90,7,0,0.301591559,0,0,0.006839747,0.0066,0
High,canopyB,Sim1,2,4,0,0,organs.Leaf[id=441569]@6731f056,8,0,0.240457677,0,0,0.00500463,0.0048,0
High,canopyB,Sim1,2,4,0,0,organs.Leaf[id=441575]@43fbf683,9,0,0.118577804,0,0,0.001776828,0.0017,0
High,canopyB,Sim1,3,4,0,0,organs.Leaf[id=441587]@8607111,2,0,0.003679436,0,0,0.001780255,0.0017,0
High,canopyB,Sim1,3,4,0,0,organs.Leaf[id=441588]@5fbecb8a,2,0,0.001600196,0,0,0.001768216,0.0017,0
High,canopyB,Sim1,3,4,0,0,organs.Leaf[id=441594]@345e0ef4,3,0,0.017532396,0,0,0.006167886,0.006,0
High,canopyB,Sim1,3,4,0,0,organs.Leaf[id=441600]@ae9253b,4,0,0.043252595,0,0,0.0073014,0.0071,0
High,canopyB,Sim1,3,4,0,0,organs.Leaf[id=441606]@2e1717aa,5,0,0.028868658,0,0,0.007702157,0.0075,0
High,canopyB,Sim1,3,4,0,0,organs.Leaf[id=441612]@35f46286,6,0,0.197961425,0,0,0.00861751,0.0084,0
High,canopyB,Sim1,3,4,0,0,organs.Leaf[id=441618]@83224d2,7,0,0.275910331,0,0,0.006836632,0.0066,0
High,canopyB,Sim1,3,4,0,0,organs.Leaf[id=441624]@38243a2c,8,0,0.165295636,0,0,0.004900419,0.0048,0
High,canopyB,Sim1,3,4,0,0,organs.Leaf[id=441630]@306a7fd9,9,0,0.125317582,0,0,0.001784604,0.0017,0
High,canopyB,Sim1,4,4,0,0,organs.Leaf[id=441657]@455bbf7a,2,0,0.001699776,0,0,0.00178251,0.0017,0
High,canopyB,Sim1,4,4,0,0,organs.Leaf[id=441658]@ec1f974,2,0,0.001518495,0,0,0.001774903,0.0017,0
High,canopyB,Sim1,4,4,0,0,organs.Leaf[id=441664]@5b751222,3,0,0.008582629,0,0,0.00618111,0.006,0
High,canopyB,Sim1,4,4,0,0,organs.Leaf[id=441670]@7cdf0e17,4,0,0.023733887,0,0,0.007335371,0.0071,0
High,canopyB,Sim1,4,4,0,0,organs.Leaf[id=441676]@79659711,5,0,0.083386379,0,0,0.007769877,0.0075,0
High,canopyB,Sim1,4,4,0,0,organs.Leaf[id=441682]@76f84bfa,6,0,0.189053284,0,0,0.008601756,0.0084,0
High,canopyB,Sim1,4,4,0,0,organs.Leaf[id=441688]@368657ac,7,0,0.184726497,0,0,0.006851538,0.0066,0
High,canopyB,Sim1,4,4,0,0,organs.Leaf[id=441694]@35517777,8,0,0.190252202,0,0,0.005026469,0.0048,0
High,canopyB,Sim1,4,4,0,0,organs.Leaf[id=441700]@50a0d5a0,9,0,0.031674717,0,0,0.001878094,0.0017,0
High,canopyB,Sim1,4,4,0,0,organs.Leaf[id=441706]@7ef20b93,10,0,0.039587741,0,0,0.000490667,0.0004,0
High,canopyB,Sim1,5,4,0,0,organs.Leaf[id=441718]@1e51331,2,0,0.002759972,0,0,0.001775769,0.0017,0
High,canopyB,Sim1,5,4,0,0,organs.Leaf[id=441719]@b7a2134,2,0,0.002621767,0,0,0.001786922,0.0017,0
High,canopyB,Sim1,5,4,0,0,organs.Leaf[id=441725]@4eff0be8,3,0,0.009466557,0,0,0.006197745,0.006,0
High,canopyB,Sim1,5,4,0,0,organs.Leaf[id=441731]@3a289b32,4,0,0.04809151,0,0,0.007347032,0.0071,0
High,canopyB,Sim1,5,4,0,0,organs.Leaf[id=441737]@244c398,5,0,0.069859993,0,0,0.007740967,0.0075,0
High,canopyB,Sim1,5,4,0,0,organs.Leaf[id=441743]@1ce9462,6,0,0.01930823,0,0,0.008614539,0.0084,0
High,canopyB,Sim1,5,4,0,0,organs.Leaf[id=441749]@6fefcf00,7,0,0.210007668,0,0,0.006848769,0.0066,0
High,canopyB,Sim1,5,4,0,0,organs.Leaf[id=441755]@3848b97a,8,0,0.085684704,0,0,0.004949003,0.0048,0
High,canopyB,Sim1,5,4,0,0,organs.Leaf[id=441761]@451c46d1,9,0,0.07900966,0,0,0.00184524,0.0017,0
High,canopyB,Sim1,6,4,0,0,organs.Leaf[id=441773]@12e30136,2,0,0.003747095,0,0,0.001773833,0.0017,0
High,canopyB,Sim1,6,4,0,0,organs.Leaf[id=441774]@1fcd8bf,2,0,0.005371337,0,0,0.001760276,0.0017,0
High,canopyB,Sim1,6,4,0,0,organs.Leaf[id=441780]@4c958a14,3,0,0.021521722,0,0,0.006213948,0.006,0
High,canopyB,Sim1,6,4,0,0,organs.Leaf[id=441786]@1a9bf9b2,4,0,0.102788311,0,0,0.00733602,0.0071,0
High,canopyB,Sim1,6,4,0,0,organs.Leaf[id=441792]@165b0249,5,0,0.030546705,0,0,0.007713569,0.0075,0
High,canopyB,Sim1,6,4,0,0,organs.Leaf[id=441798]@13acca18,6,0,0.042616272,0,0,0.008641184,0.0084,0
High,canopyB,Sim1,6,4,0,0,organs.Leaf[id=441804]@62808548,7,0,0.037825512,0,0,0.006863642,0.0066,0
High,canopyB,Sim1,6,4,0,0,organs.Leaf[id=441810]@17ac4810,8,0,0.131998726,0,0,0.004972825,0.0048,0
High,canopyB,Sim1,6,4,0,0,organs.Leaf[id=441816]@5e266a0a,9,0,0.035924444,0,0,0.001897114,0.0017,0
Low,experiment,Sim1,1,4,0,0,organs.Leaf[id=434419]@5e31d962,2,0,0.002012166,0,0,0.001789824,0.0017,0
Low,experiment,Sim1,1,4,0,0,organs.Leaf[id=434420]@d7490fa,2,0,0.003995475,0,0,0.001775917,0.0017,0
Low,experiment,Sim1,1,4,0,0,organs.Leaf[id=434426]@1454641c,3,0,0.024739169,0,0,0.006165228,0.006,0
Low,experiment,Sim1,1,4,0,0,organs.Leaf[id=434432]@799140bb,4,0,0.050102026,0,0,0.007305478,0.0071,0
Low,experiment,Sim1,1,4,0,0,organs.Leaf[id=434438]@65015e81,5,0,0.082263423,0,0,0.007771637,0.0075,0
Low,experiment,Sim1,1,4,0,0,organs.Leaf[id=434444]@6326ce52,6,0,0.148895339,0,0,0.008596645,0.0084,0
Low,experiment,Sim1,1,4,0,0,organs.Leaf[id=434450]@69aa66d,7,0,0.071499148,0,0,0.006800153,0.0066,0
Low,experiment,Sim1,1,4,0,0,organs.Leaf[id=434456]@7bb37fe1,8,0,0.083009014,0,0,0.00503081,0.0048,0
Low,experiment,Sim1,1,4,0,0,organs.Leaf[id=434462]@5920ca49,9,0,0.091452994,0,0,0.001840379,0.0017,0
Low,experiment,Sim1,2,4,0,0,organs.Leaf[id=434479]@4f4ba117,2,0,0.001663117,0,0,0.001779379,0.0017,0
Low,experiment,Sim1,2,4,0,0,organs.Leaf[id=434480]@6c0059eb,2,0,0.000382618,0,0,0.001781793,0.0017,0
Low,experiment,Sim1,2,4,0,0,organs.Leaf[id=434486]@1d30db3e,3,0,0.013794333,0,0,0.006116049,0.006,0
Low,experiment,Sim1,2,4,0,0,organs.Leaf[id=434492]@68c7a165,4,0,0.003198899,0,0,0.007290802,0.0071,0
Low,experiment,Sim1,2,4,0,0,organs.Leaf[id=434498]@27ecf5fa,5,0,0.045837934,0,0,0.007688907,0.0075,0
Low,experiment,Sim1,2,4,0,0,organs.Leaf[id=434504]@192551b6,6,0,0.221975349,0,0,0.008628975,0.0084,0
Low,experiment,Sim1,2,4,0,0,organs.Leaf[id=434510]@11099c74,7,0,0.25364228,0,0,0.006789531,0.0066,0
Low,experiment,Sim1,2,4,0,0,organs.Leaf[id=434516]@5598283,8,0,0.23444699,0,0,0.004982181,0.0048,0
Low,experiment,Sim1,2,4,0,0,organs.Leaf[id=434522]@799e33c2,9,0,0.109764759,0,0,0.001886992,0.0017,0
Low,experiment,Sim1,3,4,0,0,organs.Leaf[id=434534]@4848b9be,2,0,0.010751477,0,0,0.001792774,0.0017,0
Low,experiment,Sim1,3,4,0,0,organs.Leaf[id=434535]@737d6e8b,2,0,0.003822022,0,0,0.001784066,0.0017,0
Low,experiment,Sim1,3,4,0,0,organs.Leaf[id=434541]@6d4ee0e2,3,0,0.018927978,0,0,0.006150093,0.006,0
Low,experiment,Sim1,3,4,0,0,organs.Leaf[id=434547]@368f152,4,0,0.043986452,0,0,0.007286829,0.0071,0
Low,experiment,Sim1,3,4,0,0,organs.Leaf[id=434553]@776edbcb,5,0,0.16735906,0,0,0.007715274,0.0075,0
Low,experiment,Sim1,3,4,0,0,organs.Leaf[id=434559]@65229a8d,6,0,0.32806761,0,0,0.00865282,0.0084,0
Low,experiment,Sim1,3,4,0,0,organs.Leaf[id=434565]@393d0109,7,0,0.237448945,0,0,0.006758625,0.0066,0
Low,experiment,Sim1,3,4,0,0,organs.Leaf[id=434571]@51fa9a4e,8,0,0.191774787,0,0,0.005026999,0.0048,0
Low,experiment,Sim1,3,4,0,0,organs.Leaf[id=434577]@4ea8561b,9,0,0.106725957,0,0,0.001872194,0.0017,0
Low,experiment,Sim1,4,4,0,0,organs.Leaf[id=434594]@e30def8,2,0,0.006662535,0,0,0.001766967,0.0017,0
Low,experiment,Sim1,4,4,0,0,organs.Leaf[id=434595]@d31543c,2,0,0.003359748,0,0,0.001765063,0.0017,0
Low,experiment,Sim1,4,4,0,0,organs.Leaf[id=434601]@788ae552,3,0,0.017939295,0,0,0.006145486,0.006,0
Low,experiment,Sim1,4,4,0,0,organs.Leaf[id=434607]@11ca8c4d,4,0,0.02224544,0,0,0.007337367,0.0071,0
Low,experiment,Sim1,4,4,0,0,organs.Leaf[id=434613]@7a01e0ba,5,0,0.066393878,0,0,0.007763233,0.0075,0
Low,experiment,Sim1,4,4,0,0,organs.Leaf[id=434619]@6bf4e204,6,0,0.119883659,0,0,0.008596635,0.0084,0
Low,experiment,Sim1,4,4,0,0,organs.Leaf[id=434625]@60efbb19,7,0,0.072333738,0,0,0.006752058,0.0066,0
Low,experiment,Sim1,4,4,0,0,organs.Leaf[id=434631]@35b0cd13,8,0,0.187456954,0,0,0.005009488,0.0048,0
Low,experiment,Sim1,4,4,0,0,organs.Leaf[id=434637]@7dcb71cd,9,0,0.065814187,0,0,0.001836638,0.0017,0
Low,experiment,Sim1,5,4,0,0,organs.Leaf[id=434649]@4b549254,2,0,0.002847571,0,0,0.001781534,0.0017,0
Low,experiment,Sim1,5,4,0,0,organs.Leaf[id=434650]@7688a164,2,0,0.000397241,0,0,0.001786171,0.0017,0
Low,experiment,Sim1,5,4,0,0,organs.Leaf[id=434656]@1308c396,3,0,0.01761728,0,0,0.006114803,0.006,0
Low,experiment,Sim1,5,4,0,0,organs.Leaf[id=434662]@3f10193a,4,0,0.022773226,0,0,0.007281043,0.0071,0
Low,experiment,Sim1,5,4,0,0,organs.Leaf[id=434668]@7a386847,5,0,0.056892455,0,0,0.0077159,0.0075,0
Low,experiment,Sim1,5,4,0,0,organs.Leaf[id=434674]@676e0984,6,0,0.294589045,0,0,0.008671018,0.0084,0
Low,experiment,Sim1,5,4,0,0,organs.Leaf[id=434680]@2de26d35,7,0,0.270053868,0,0,0.006782281,0.0066,0
Low,experiment,Sim1,5,4,0,0,organs.Leaf[id=434686]@5e2616b8,8,0,0.208265246,0,0,0.005038695,0.0048,0
Low,experiment,Sim1,5,4,0,0,organs.Leaf[id=434692]@724bc7ab,9,0,0.096486769,0,0,0.001797319,0.0017,0
Low,experiment,Sim1,5,4,0,0,organs.Leaf[id=434698]@362681d6,10,0,0.022326036,0,0,0.000448318,0.0004,0
Low,experiment,Sim1,6,4,0,0,organs.Leaf[id=434710]@645cf596,2,0,0.002649978,0,0,0.001782194,0.0017,0
Low,experiment,Sim1,6,4,0,0,organs.Leaf[id=434711]@69938eac,2,0,0.001665037,0,0,0.001774357,0.0017,0
Low,experiment,Sim1,6,4,0,0,organs.Leaf[id=434717]@4f4bc470,3,0,0.015316429,0,0,0.006171222,0.006,0
Low,experiment,Sim1,6,4,0,0,organs.Leaf[id=434723]@378a0aa7,4,0,0.009713596,0,0,0.007304969,0.0071,0
Low,experiment,Sim1,6,4,0,0,organs.Leaf[id=434729]@438dd1fc,5,0,0.06564594,0,0,0.007712226,0.0075,0
Low,experiment,Sim1,6,4,0,0,organs.Leaf[id=434735]@1bd31e16,6,0,0.323947488,0,0,0.008652548,0.0084,0
Low,experiment,Sim1,6,4,0,0,organs.Leaf[id=434741]@2126ec60,7,0,0.234770285,0,0,0.006746122,0.0066,0
Low,experiment,Sim1,6,4,0,0,organs.Leaf[id=434747]@5df59091,8,0,0.221553616,0,0,0.005041233,0.0048,0
Low,experiment,Sim1,6,4,0,0,organs.Leaf[id=434753]@5a9100b4,9,0,0.030577523,0,0,0.001847049,0.0017,0
Low,canopyA,Sim1,1,4,0,0,organs.Leaf[id=437941]@703c0fcf,2,0,0.003393413,0,0,0.001768032,0.0017,0
Low,canopyA,Sim1,1,4,0,0,organs.Leaf[id=437942]@47c11eb7,2,0,0.004065911,0,0,0.001793253,0.0017,0
Low,canopyA,Sim1,1,4,0,0,organs.Leaf[id=437948]@4554e608,3,0,0.012765358,0,0,0.006185163,0.006,0
Low,canopyA,Sim1,1,4,0,0,organs.Leaf[id=437954]@75c37441,4,0,0.019884198,0,0,0.007322521,0.0071,0
Low,canopyA,Sim1,1,4,0,0,organs.Leaf[id=437960]@6e1e6024,5,0,0.078324435,0,0,0.007800637,0.0075,0
Low,canopyA,Sim1,1,4,0,0,organs.Leaf[id=437966]@602431cb,6,0,0.199168349,0,0,0.008585992,0.0084,0
Low,canopyA,Sim1,1,4,0,0,organs.Leaf[id=437972]@7755b9d4,7,0,0.238614811,0,0,0.006821963,0.0066,0
Low,canopyA,Sim1,1,4,0,0,organs.Leaf[id=437978]@57b78f35,8,0,0.234358097,0,0,0.005016769,0.0048,0
Low,canopyA,Sim1,1,4,0,0,organs.Leaf[id=437984]@1adcaaf4,9,0,0.098544529,0,0,0.001817899,0.0017,0
Low,canopyA,Sim1,2,4,0,0,organs.Leaf[id=437996]@377b28ea,2,0,0.005354769,0,0,0.001766441,0.0017,0
Low,canopyA,Sim1,2,4,0,0,organs.Leaf[id=437997]@2d15ccf1,2,0,0.004122913,0,0,0.001789309,0.0017,0
Low,canopyA,Sim1,2,4,0,0,organs.Leaf[id=438003]@38bcb019,3,0,0.020772014,0,0,0.006142699,0.006,0
Low,canopyA,Sim1,2,4,0,0,organs.Leaf[id=438009]@12d0b24f,4,0,0.009765609,0,0,0.007293991,0.0071,0
Low,canopyA,Sim1,2,4,0,0,organs.Leaf[id=438015]@76df1d16,5,0,0.025035384,0,0,0.007680496,0.0075,0
Low,canopyA,Sim1,2,4,0,0,organs.Leaf[id=438021]@4e7f97e4,6,0,0.199449566,0,0,0.008582122,0.0084,0
Low,canopyA,Sim1,2,4,0,0,organs.Leaf[id=438027]@68ec47d5,7,0,0.189344275,0,0,0.006799711,0.0066,0
Low,canopyA,Sim1,2,4,0,0,organs.Leaf[id=438033]@6723f359,8,0,0.239480575,0,0,0.005015921,0.0048,0
Low,canopyA,Sim1,2,4,0,0,organs.Leaf[id=438039]@1f01e93c,9,0,0.086308626,0,0,0.001833554,0.0017,0
Low,canopyA,Sim1,3,4,0,0,organs.Leaf[id=438051]@1115e824,2,0,0.00272872,0,0,0.001780221,0.0017,0
Low,canopyA,Sim1,3,4,0,0,organs.Leaf[id=438052]@2a4aae2d,2,0,0.004341383,0,0,0.001771923,0.0017,0
Low,canopyA,Sim1,3,4,0,0,organs.Leaf[id=438058]@2b466add,3,0,0.035333478,0,0,0.006178256,0.006,0
Low,canopyA,Sim1,3,4,0,0,organs.Leaf[id=438064]@107128f1,4,0,0.005437069,0,0,0.007256505,0.0071,0
Low,canopyA,Sim1,3,4,0,0,organs.Leaf[id=438070]@745d4755,5,0,0.062222132,0,0,0.007740446,0.0075,0
Low,canopyA,Sim1,3,4,0,0,organs.Leaf[id=438076]@4fb7042a,6,0,0.055094165,0,0,0.008573817,0.0084,0
Low,canopyA,Sim1,3,4,0,0,organs.Leaf[id=438082]@461a0510,7,0,0.156032758,0,0,0.00684542,0.0066,0
Low,canopyA,Sim1,3,4,0,0,organs.Leaf[id=438088]@4f61d41,8,0,0.18130895,0,0,0.004987657,0.0048,0
Low,canopyA,Sim1,3,4,0,0,organs.Leaf[id=438094]@18ef53e5,9,0,0.076858527,0,0,0.001827682,0.0017,0
Low,canopyA,Sim1,4,4,0,0,organs.Leaf[id=438106]@3682060c,2,0,0.001551504,0,0,0.001767314,0.0017,0
Low,canopyA,Sim1,4,4,0,0,organs.Leaf[id=438107]@7486a061,2,0,0.00105948,0,0,0.001783958,0.0017,0
Low,canopyA,Sim1,4,4,0,0,organs.Leaf[id=438113]@5d5c6171,3,0,0.010654895,0,0,0.00610897,0.006,0
Low,canopyA,Sim1,4,4,0,0,organs.Leaf[id=438119]@7302a5a,4,0,0.0178458,0,0,0.007322437,0.0071,0
Low,canopyA,Sim1,4,4,0,0,organs.Leaf[id=438125]@2b7075fe,5,0,0.081322868,0,0,0.007735279,0.0075,0
Low,canopyA,Sim1,4,4,0,0,organs.Leaf[id=438131]@5b14bf05,6,0,0.118783205,0,0,0.008604632,0.0084,0
Low,canopyA,Sim1,4,4,0,0,organs.Leaf[id=438137]@559b98d5,7,0,0.201583285,0,0,0.0067905,0.0066,0
Low,canopyA,Sim1,4,4,0,0,organs.Leaf[id=438143]@6491da36,8,0,0.260010128,0,0,0.004988404,0.0048,0
Low,canopyA,Sim1,4,4,0,0,organs.Leaf[id=438149]@5919039e,9,0,0.084193188,0,0,0.001866551,0.0017,0
Low,canopyA,Sim1,5,4,0,0,organs.Leaf[id=438161]@789a889,2,0,0.000474628,0,0,0.001782756,0.0017,0
Low,canopyA,Sim1,5,4,0,0,organs.Leaf[id=438162]@32017e1,2,0,0.00151127,0,0,0.00179027,0.0017,0
Low,canopyA,Sim1,5,4,0,0,organs.Leaf[id=438168]@754a807b,3,0,0.003079434,0,0,0.006155871,0.006,0
Low,canopyA,Sim1,5,4,0,0,organs.Leaf[id=438174]@4b077f84,4,0,0.008211353,0,0,0.007285899,0.0071,0
Low,canopyA,Sim1,5,4,0,0,organs.Leaf[id=438180]@4f80435b,5,0,0.037648372,0,0,0.007731499,0.0075,0
Low,canopyA,Sim1,5,4,0,0,organs.Leaf[id=438186]@703cd802,6,0,0.21553811,0,0,0.00860389,0.0084,0
Low,canopyA,Sim1,5,4,0,0,organs.Leaf[id=438192]@1cf11d2c,7,0,0.161541438,0,0,0.00681487,0.0066,0
Low,canopyA,Sim1,5,4,0,0,organs.Leaf[id=438198]@2880f1b3,8,0,0.195259186,0,0,0.004993963,0.0048,0
Low,canopyA,Sim1,5,4,0,0,organs.Leaf[id=438204]@25f762f8,9,0,0.119530338,0,0,0.001822181,0.0017,0
Low,canopyA,Sim1,6,4,0,0,organs.Leaf[id=438216]@246eaf8e,2,0,0.000394439,0,0,0.001771844,0.0017,0
Low,canopyA,Sim1,6,4,0,0,organs.Leaf[id=438217]@432b11b6,2,0,0.002237197,0,0,0.001793542,0.0017,0
Low,canopyA,Sim1,6,4,0,0,organs.Leaf[id=438223]@4642e615,3,0,0.004985322,0,0,0.006152246,0.006,0
Low,canopyA,Sim1,6,4,0,0,organs.Leaf[id=438229]@384251d,4,0,0.010667188,0,0,0.007285497,0.0071,0
Low,canopyA,Sim1,6,4,0,0,organs.Leaf[id=438235]@1c58264,5,0,0.078308264,0,0,0.007796325,0.0075,0
Low,canopyA,Sim1,6,4,0,0,organs.Leaf[id=438241]@2fa05c54,6,0,0.036669689,0,0,0.008657657,0.0084,0
Low,canopyA,Sim1,6,4,0,0,organs.Leaf[id=438247]@6145d487,7,0,0.058375559,0,0,0.006773219,0.0066,0
Low,canopyA,Sim1,6,4,0,0,organs.Leaf[id=438253]@721531aa,8,0,0.137255713,0,0,0.004989428,0.0048,0
Low,canopyA,Sim1,6,4,0,0,organs.Leaf[id=438259]@1ba7e587,9,0,0.098813676,0,0,0.001835321,0.0017,0
Low,canopyB,Sim1,1,4,0,0,organs.Leaf[id=436180]@5a2e316e,2,0,0.00420263,0,0,0.001763261,0.0017,0
Low,canopyB,Sim1,1,4,0,0,organs.Leaf[id=436181]@663b12bd,2,0,0.002349419,0,0,0.001760706,0.0017,0
Low,canopyB,Sim1,1,4,0,0,organs.Leaf[id=436187]@4e7b5dc,3,0,0.028669522,0,0,0.006164919,0.006,0
Low,canopyB,Sim1,1,4,0,0,organs.Leaf[id=436193]@6ae6f953,4,0,0.041058401,0,0,0.007283738,0.0071,0
Low,canopyB,Sim1,1,4,0,0,organs.Leaf[id=436199]@6bdc4b23,5,0,0.052330191,0,0,0.007769248,0.0075,0
Low,canopyB,Sim1,1,4,0,0,organs.Leaf[id=436205]@131141c6,6,0,0.233385677,0,0,0.008604271,0.0084,0
Low,canopyB,Sim1,1,4,0,0,organs.Leaf[id=436211]@593cb0c1,7,0,0.06233909,0,0,0.006802048,0.0066,0
Low,canopyB,Sim1,1,4,0,0,organs.Leaf[id=436217]@228c19e5,8,0,0.216941021,0,0,0.005022348,0.0048,0
Low,canopyB,Sim1,1,4,0,0,organs.Leaf[id=436223]@448af58e,9,0,0.10598801,0,0,0.001852854,0.0017,0
Low,canopyB,Sim1,2,4,0,0,organs.Leaf[id=436240]@23ce0eba,2,0,0.001487488,0,0,0.001792395,0.0017,0
Low,canopyB,Sim1,2,4,0,0,organs.Leaf[id=436241]@d6c260b,2,0,0.001401011,0,0,0.001786284,0.0017,0
Low,canopyB,Sim1,2,4,0,0,organs.Leaf[id=436247]@48e808ab,3,0,0.002802808,0,0,0.006144284,0.006,0
Low,canopyB,Sim1,2,4,0,0,organs.Leaf[id=436253]@282f5523,4,0,0.02311434,0,0,0.007331429,0.0071,0
Low,canopyB,Sim1,2,4,0,0,organs.Leaf[id=436259]@3b358b8d,5,0,0.024571433,0,0,0.007672309,0.0075,0
Low,canopyB,Sim1,2,4,0,0,organs.Leaf[id=436265]@6e6be6e5,6,0,0.117150813,0,0,0.008671541,0.0084,0
Low,canopyB,Sim1,2,4,0,0,organs.Leaf[id=436271]@6d34f06e,7,0,0.020594733,0,0,0.006772929,0.0066,0
Low,canopyB,Sim1,2,4,0,0,organs.Leaf[id=436277]@2fdd6940,8,0,0.181670519,0,0,0.005008037,0.0048,0
Low,canopyB,Sim1,2,4,0,0,organs.Leaf[id=436283]@264b7406,9,0,0.075316309,0,0,0.001857828,0.0017,0
Low,canopyB,Sim1,3,4,0,0,organs.Leaf[id=436295]@2d50cab7,2,0,0.011850596,0,0,0.001771691,0.0017,0
Low,canopyB,Sim1,3,4,0,0,organs.Leaf[id=436296]@6fce7045,2,0,0.003658876,0,0,0.001788029,0.0017,0
Low,canopyB,Sim1,3,4,0,0,organs.Leaf[id=436302]@79042d20,3,0,0.01166968,0,0,0.006150484,0.006,0
Low,canopyB,Sim1,3,4,0,0,organs.Leaf[id=436308]@5b8db6ec,4,0,0.025187556,0,0,0.007325994,0.0071,0
Low,canopyB,Sim1,3,4,0,0,organs.Leaf[id=436314]@3952838f,5,0,0.069828401,0,0,0.007703068,0.0075,0
Low,canopyB,Sim1,3,4,0,0,organs.Leaf[id=436320]@3fd1d7b7,6,0,0.228037711,0,0,0.008614079,0.0084,0
Low,canopyB,Sim1,3,4,0,0,organs.Leaf[id=436326]@7bddd0f1,7,0,0.278607807,0,0,0.006769925,0.0066,0
Low,canopyB,Sim1,3,4,0,0,organs.Leaf[id=436332]@6627a91e,8,0,0.071113277,0,0,0.004998302,0.0048,0
Low,canopyB,Sim1,3,4,0,0,organs.Leaf[id=436338]@6f6e7c44,9,0,0.104173962,0,0,0.001839303,0.0017,0
Low,canopyB,Sim1,4,4,0,0,organs.Leaf[id=436350]@1093640c,2,0,0.00182923,0,0,0.001782288,0.0017,0
Low,canopyB,Sim1,4,4,0,0,organs.Leaf[id=436351]@1024771e,2,0,0.002311865,0,0,0.001777187,0.0017,0
Low,canopyB,Sim1,4,4,0,0,organs.Leaf[id=436357]@7ec8dbb7,3,0,0.011551362,0,0,0.006135731,0.006,0
Low,canopyB,Sim1,4,4,0,0,organs.Leaf[id=436363]@5f432b1e,4,0,0.047599436,0,0,0.007265588,0.0071,0
Low,canopyB,Sim1,4,4,0,0,organs.Leaf[id=436369]@2e3aaa6e,5,0,0.096348747,0,0,0.007794351,0.0075,0
Low,canopyB,Sim1,4,4,0,0,organs.Leaf[id=436375]@349a7332,6,0,0.047649334,0,0,0.008651921,0.0084,0
Low,canopyB,Sim1,4,4,0,0,organs.Leaf[id=436381]@43ca5376,7,0,0.183626049,0,0,0.006804588,0.0066,0
Low,canopyB,Sim1,4,4,0,0,organs.Leaf[id=436387]@1fa721f9,8,0,0.113913395,0,0,0.005033786,0.0048,0
Low,canopyB,Sim1,4,4,0,0,organs.Leaf[id=436393]@51508813,9,0,0.012540846,0,0,0.001795465,0.0017,0
Low,canopyB,Sim1,5,4,0,0,organs.Leaf[id=436405]@335f17e1,2,0,0.00184692,0,0,0.001777529,0.0017,0
Low,canopyB,Sim1,5,4,0,0,organs.Leaf[id=436406]@5d321fe1,2,0,0.00482988,0,0,0.001784302,0.0017,0
Low,canopyB,Sim1,5,4,0,0,organs.Leaf[id=436412]@440ad265,3,0,0.009601012,0,0,0.006128953,0.006,0
Low,canopyB,Sim1,5,4,0,0,organs.Leaf[id=436418]@6851bfd6,4,0,0.032202791,0,0,0.007312297,0.0071,0
Low,canopyB,Sim1,5,4,0,0,organs.Leaf[id=436424]@63808210,5,0,0.050742618,0,0,0.007678168,0.0075,0
Low,canopyB,Sim1,5,4,0,0,organs.Leaf[id=436430]@5a02579d,6,0,0.251822828,0,0,0.008626884,0.0084,0
Low,canopyB,Sim1,5,4,0,0,organs.Leaf[id=436436]@262dc2e8,7,0,0.193353189,0,0,0.006770654,0.0066,0
Low,canopyB,Sim1,5,4,0,0,organs.Leaf[id=436442]@738f8dfb,8,0,0.220721978,0,0,0.004996869,0.0048,0
Low,canopyB,Sim1,5,4,0,0,organs.Leaf[id=436448]@62fd3848,9,0,0.047707634,0,0,0.001840759,0.0017,0
Low,canopyB,Sim1,6,4,0,0,organs.Leaf[id=436465]@2242ad78,2,0,0.005860236,0,0,0.001786879,0.0017,0
Low,canopyB,Sim1,6,4,0,0,organs.Leaf[id=436466]@2d012e06,2,0,0.001299272,0,0,0.001794557,0.0017,0
Low,canopyB,Sim1,6,4,0,0,organs.Leaf[id=436472]@78e03151,3,0,0.014014028,0,0,0.006119323,0.006,0
Low,canopyB,Sim1,6,4,0,0,organs.Leaf[id=436478]@4ae28a65,4,0,0.022611435,0,0,0.007295906,0.0071,0
Low,canopyB,Sim1,6,4,0,0,organs.Leaf[id=436484]@216d066c,5,0,0.04866992,0,0,0.007682533,0.0075,0
Low,canopyB,Sim1,6,4,0,0,organs.Leaf[id=436490]@4878b887,6,0,0.080394035,0,0,0.008653461,0.0084,0
Low,canopyB,Sim1,6,4,0,0,organs.Leaf[id=436496]@5a768452,7,0,0.043613433,0,0,0.006819361,0.0066,0
Low,canopyB,Sim1,6,4,0,0,organs.Leaf[id=436502]@490507b8,8,0,0.16479647,0,0,0.004995965,0.0048,0
Low,canopyB,Sim1,6,4,0,0,organs.Leaf[id=436508]@10be6f94,9,0,0.080930864,0,0,0.001853773,0.0017,0
High,experiment,Sim2,1,4,0,0,organs.Leaf[id=440580]@186a96c8,2,0,0.002195411,0,0,0.001783789,0.0017,0
High,experiment,Sim2,1,4,0,0,organs.Leaf[id=440581]@72ed82f7,2,0,0.004050194,0,0,0.001783654,0.0017,0
High,experiment,Sim2,1,4,0,0,organs.Leaf[id=440587]@6e13744b,3,0,0.008950933,0,0,0.006174473,0.006,0
High,experiment,Sim2,1,4,0,0,organs.Leaf[id=440593]@7739de18,4,0,0.045110096,0,0,0.007333055,0.0071,0
High,experiment,Sim2,1,4,0,0,organs.Leaf[id=440599]@569c8d09,5,0,0.038888959,0,0,0.007729657,0.0075,0
High,experiment,Sim2,1,4,0,0,organs.Leaf[id=440605]@12c0114a,6,0,0.210909527,0,0,0.008599422,0.0084,0
High,experiment,Sim2,1,4,0,0,organs.Leaf[id=440611]@3a425603,7,0,0.244913497,0,0,0.006845577,0.0066,0
High,experiment,Sim2,1,4,0,0,organs.Leaf[id=440617]@16d9398b,8,0,0.058980437,0,0,0.005020011,0.0048,0
High,experiment,Sim2,1,4,0,0,organs.Leaf[id=440623]@7c0884ae,9,0,0.025729697,0,0,0.001860747,0.0017,0
High,experiment,Sim2,2,4,0,0,organs.Leaf[id=440635]@7ee54b7a,2,0,0.001932337,0,0,0.001777327,0.0017,0
High,experiment,Sim2,2,4,0,0,organs.Leaf[id=440636]@7590974d,2,0,0.003878618,0,0,0.001781897,0.0017,0
High,experiment,Sim2,2,4,0,0,organs.Leaf[id=440642]@1e09010d,3,0,0.034424566,0,0,0.006148732,0.006,0
High,experiment,Sim2,2,4,0,0,organs.Leaf[id=440648]@749028d5,4,0,0.016724586,0,0,0.00735697,0.0071,0
High,experiment,Sim2,2,4,0,0,organs.Leaf[id=440654]@217c3c05,5,0,0.06126299,0,0,0.007737211,0.0075,0
High,experiment,Sim2,2,4,0,0,organs.Leaf[id=440660]@31e9b8a2,6,0,0.277250253,0,0,0.008650892,0.0084,0
High,experiment,Sim2,2,4,0,0,organs.Leaf[id=440666]@128b0604,7,0,0.067294648,0,0,0.006835986,0.0066,0
High,experiment,Sim2,2,4,0,0,organs.Leaf[id=440672]@3534e671,8,0,0.192183616,0,0,0.004969483,0.0048,0
High,experiment,Sim2,2,4,0,0,organs.Leaf[id=440678]@69f45488,9,0,0.045215791,0,0,0.001808742,0.0017,0
High,experiment,Sim2,3,4,0,0,organs.Leaf[id=440690]@58c4638a,2,0,0.005547382,0,0,0.001787178,0.0017,0
High,experiment,Sim2,3,4,0,0,organs.Leaf[id=440691]@7ef59c42,2,0,0.004425153,0,0,0.001786266,0.0017,0
High,experiment,Sim2,3,4,0,0,organs.Leaf[id=440697]@3ad5f9f6,3,0,0.02252018,0,0,0.006184326,0.006,0
High,experiment,Sim2,3,4,0,0,organs.Leaf[id=440703]@79b39989,4,0,0.023584112,0,0,0.007335819,0.0071,0
High,experiment,Sim2,3,4,0,0,organs.Leaf[id=440709]@58cae96c,5,0,0.09510548,0,0,0.00772606,0.0075,0
High,experiment,Sim2,3,4,0,0,organs.Leaf[id=440715]@5e8487d1,6,0,0.121772686,0,0,0.008591216,0.0084,0
High,experiment,Sim2,3,4,0,0,organs.Leaf[id=440721]@74835deb,7,0,0.099873804,0,0,0.0068516,0.0066,0
High,experiment,Sim2,3,4,0,0,organs.Leaf[id=440727]@13fbf7bd,8,0,0.146869519,0,0,0.004945471,0.0048,0
High,experiment,Sim2,3,4,0,0,organs.Leaf[id=440733]@7552c086,9,0,0.045205075,0,0,0.001863268,0.0017,0
High,experiment,Sim2,4,4,0,0,organs.Leaf[id=440750]@3fd4807c,2,0,0.005717189,0,0,0.001783552,0.0017,0
High,experiment,Sim2,4,4,0,0,organs.Leaf[id=440751]@3caacafb,2,0,0.009477594,0,0,0.001777532,0.0017,0
High,experiment,Sim2,4,4,0,0,organs.Leaf[id=440757]@67c9fb4f,3,0,0.012513855,0,0,0.006184888,0.006,0
High,experiment,Sim2,4,4,0,0,organs.Leaf[id=440763]@78ee2483,4,0,0.076926226,0,0,0.007339354,0.0071,0
High,experiment,Sim2,4,4,0,0,organs.Leaf[id=440769]@7fbac6,5,0,0.088800084,0,0,0.007739222,0.0075,0
High,experiment,Sim2,4,4,0,0,organs.Leaf[id=440775]@51fae087,6,0,0.113813522,0,0,0.008588913,0.0084,0
High,experiment,Sim2,4,4,0,0,organs.Leaf[id=440781]@723a1818,7,0,0.276114646,0,0,0.006813326,0.0066,0
High,experiment,Sim2,4,4,0,0,organs.Leaf[id=440787]@6cd14e09,8,0,0.129095956,0,0,0.004990464,0.0048,0
High,experiment,Sim2,4,4,0,0,organs.Leaf[id=440793]@4acbe5a2,9,0,0.111897334,0,0,0.001896028,0.0017,0
High,experiment,Sim2,4,4,0,0,organs.Leaf[id=440799]@2afa8f5d,10,0,0.029872395,0,0,0.000469387,0.0004,0
High,experiment,Sim2,5,4,0,0,organs.Leaf[id=440811]@6ca41e47,2,0,0.001713483,0,0,0.001784529,0.0017,0
High,experiment,Sim2,5,4,0,0,organs.Leaf[id=440812]@2c18b0e4,2,0,0.007819786,0,0,0.001787382,0.0017,0
High,experiment,Sim2,5,4,0,0,organs.Leaf[id=440818]@1e277012,3,0,0.004123181,0,0,0.006202693,0.006,0
High,experiment,Sim2,5,4,0,0,organs.Leaf[id=440824]@7155d956,4,0,0.026489808,0,0,0.007365229,0.0071,0
High,experiment,Sim2,5,4,0,0,organs.Leaf[id=440830]@4c5bd044,5,0,0.178386205,0,0,0.007751545,0.0075,0
High,experiment,Sim2,5,4,0,0,organs.Leaf[id=440836]@316f3c70,6,0,0.0601212,0,0,0.008623086,0.0084,0
High,experiment,Sim2,5,4,0,0,organs.Leaf[id=440842]@341812d4,7,0,0.246622592,0,0,0.006852528,0.0066,0
High,experiment,Sim2,5,4,0,0,organs.Leaf[id=440848]@268c73d,8,0,0.01061246,0,0,0.004973171,0.0048,0
High,experiment,Sim2,5,4,0,0,organs.Leaf[id=440854]@477099dc,9,0,0.112884285,0,0,0.001814841,0.0017,0
High,experiment,Sim2,6,4,0,0,organs.Leaf[id=440866]@50213192,2,0,0.000147223,0,0,0.001787216,0.0017,0
High,experiment,Sim2,6,4,0,0,organs.Leaf[id=440867]@1082ca86,2,0,0.000238011,0,0,0.00177095,0.0017,0
High,experiment,Sim2,6,4,0,0,organs.Leaf[id=440873]@523a058a,3,0,0.002306118,0,0,0.006142415,0.006,0
High,experiment,Sim2,6,4,0,0,organs.Leaf[id=440879]@25f62918,4,0,0.008024813,0,0,0.007280088,0.0071,0
High,experiment,Sim2,6,4,0,0,organs.Leaf[id=440885]@590e508f,5,0,0.018651536,0,0,0.007707762,0.0075,0
High,experiment,Sim2,6,4,0,0,organs.Leaf[id=440891]@b7c98af,6,0,0.262342212,0,0,0.008668659,0.0084,0
High,experiment,Sim2,6,4,0,0,organs.Leaf[id=440897]@7e5622cc,7,0,0.187810559,0,0,0.006853269,0.0066,0
High,experiment,Sim2,6,4,0,0,organs.Leaf[id=440903]@4b88a712,8,0,0.163392629,0,0,0.004938935,0.0048,0
High,experiment,Sim2,6,4,0,0,organs.Leaf[id=440909]@6575dafc,9,0,0.115452527,0,0,0.001916247,0.0017,0
High,experiment,Sim2,6,4,0,0,organs.Leaf[id=440915]@75815570,10,0,0.02030177,0,0,0.000476054,0.0004,0
High,canopyA,Sim2,1,4,0,0,organs.Leaf[id=443270]@650c07c4,2,0,0.002182989,0,0,0.001770017,0.0017,0
High,canopyA,Sim2,1,4,0,0,organs.Leaf[id=443271]@7596eb73,2,0,0.002418659,0,0,0.001780934,0.0017,0
High,canopyA,Sim2,1,4,0,0,organs.Leaf[id=443277]@1e5fffa4,3,0,0.011621782,0,0,0.006147356,0.006,0
High,canopyA,Sim2,1,4,0,0,organs.Leaf[id=443283]@24ae3e34,4,0,0.011657928,0,0,0.007315365,0.0071,0
High,canopyA,Sim2,1,4,0,0,organs.Leaf[id=443289]@3ddbb0be,5,0,0.05501209,0,0,0.007741152,0.0075,0
High,canopyA,Sim2,1,4,0,0,organs.Leaf[id=443295]@5407a1e9,6,0,0.16346319,0,0,0.008637419,0.0084,0
High,canopyA,Sim2,1,4,0,0,organs.Leaf[id=443301]@43c7f1e3,7,0,0.167538844,0,0,0.006810042,0.0066,0
High,canopyA,Sim2,1,4,0,0,organs.Leaf[id=443307]@67307fe0,8,0,0.158576705,0,0,0.004992111,0.0048,0
High,canopyA,Sim2,1,4,0,0,organs.Leaf[id=443313]@55ccf3d2,9,0,0.08465457,0,0,0.001957687,0.0017,0
High,canopyA,Sim2,2,4,0,0,organs.Leaf[id=443325]@3ff7979e,2,0,0.00097781,0,0,0.00177994,0.0017,0
High,canopyA,Sim2,2,4,0,0,organs.Leaf[id=443326]@3dfd7f9f,2,0,0.001502943,0,0,0.001775118,0.0017,0
High,canopyA,Sim2,2,4,0,0,organs.Leaf[id=443332]@4a60ea53,3,0,0.005722439,0,0,0.006193876,0.006,0
High,canopyA,Sim2,2,4,0,0,organs.Leaf[id=443338]@1585e418,4,0,0.027998824,0,0,0.007330918,0.0071,0
High,canopyA,Sim2,2,4,0,0,organs.Leaf[id=443344]@5d8d1197,5,0,0.039983424,0,0,0.00772997,0.0075,0
High,canopyA,Sim2,2,4,0,0,organs.Leaf[id=443350]@156557be,6,0,0.21246885,0,0,0.008636009,0.0084,0
High,canopyA,Sim2,2,4,0,0,organs.Leaf[id=443356]@a49be15,7,0,0.11340955,0,0,0.006871707,0.0066,0
High,canopyA,Sim2,2,4,0,0,organs.Leaf[id=443362]@6a1ee150,8,0,0.232632667,0,0,0.004983164,0.0048,0
High,canopyA,Sim2,2,4,0,0,organs.Leaf[id=443368]@d0e7313,9,0,0.104946904,0,0,0.001928522,0.0017,0
High,canopyA,Sim2,2,4,0,0,organs.Leaf[id=443374]@1037c657,10,0,0.024446634,0,0,0.00046741,0.0004,0
High,canopyA,Sim2,3,4,0,0,organs.Leaf[id=443391]@6a019243,2,0,0.003985147,0,0,0.001787575,0.0017,0
High,canopyA,Sim2,3,4,0,0,organs.Leaf[id=443392]@766d8c8c,2,0,0.005329224,0,0,0.001766107,0.0017,0
High,canopyA,Sim2,3,4,0,0,organs.Leaf[id=443398]@710175c4,3,0,0.007464174,0,0,0.006161427,0.006,0
High,canopyA,Sim2,3,4,0,0,organs.Leaf[id=443404]@4aa35ce5,4,0,0.038689178,0,0,0.007354356,0.0071,0
High,canopyA,Sim2,3,4,0,0,organs.Leaf[id=443410]@78c1921c,5,0,0.052664371,0,0,0.007755454,0.0075,0
High,canopyA,Sim2,3,4,0,0,organs.Leaf[id=443416]@5a889a53,6,0,0.229678297,0,0,0.008615485,0.0084,0
High,canopyA,Sim2,3,4,0,0,organs.Leaf[id=443422]@2eff80e3,7,0,0.176990729,0,0,0.006807635,0.0066,0
High,canopyA,Sim2,3,4,0,0,organs.Leaf[id=443428]@764abd6e,8,0,0.214949919,0,0,0.004948357,0.0048,0
High,canopyA,Sim2,3,4,0,0,organs.Leaf[id=443434]@4bb2a7f2,9,0,0.100659559,0,0,0.001797837,0.0017,0
High,canopyA,Sim2,4,4,0,0,organs.Leaf[id=443446]@1ca3eed8,2,0,0.004492436,0,0,0.001772709,0.0017,0
High,canopyA,Sim2,4,4,0,0,organs.Leaf[id=443447]@15a45e41,2,0,0.000694429,0,0,0.001770395,0.0017,0
High,canopyA,Sim2,4,4,0,0,organs.Leaf[id=443453]@3a086b9c,3,0,0.006447413,0,0,0.006159036,0.006,0
High,canopyA,Sim2,4,4,0,0,organs.Leaf[id=443459]@c430398,4,0,0.005804055,0,0,0.007362146,0.0071,0
High,canopyA,Sim2,4,4,0,0,organs.Leaf[id=443465]@4e76c535,5,0,0.047555427,0,0,0.007773586,0.0075,0
High,canopyA,Sim2,4,4,0,0,organs.Leaf[id=443471]@388f198,6,0,0.028428877,0,0,0.00864759,0.0084,0
High,canopyA,Sim2,4,4,0,0,organs.Leaf[id=443477]@656ee39e,7,0,0.068851929,0,0,0.006901903,0.0066,0
High,canopyA,Sim2,4,4,0,0,organs.Leaf[id=443483]@174ae24c,8,0,0.181986145,0,0,0.004973835,0.0048,0
High,canopyA,Sim2,4,4,0,0,organs.Leaf[id=443489]@53db1b98,9,0,0.097825064,0,0,0.001859284,0.0017,0
High,canopyA,Sim2,5,4,0,0,organs.Leaf[id=443501]@4c1367c4,2,0,0.008323737,0,0,0.001780762,0.0017,0
High,canopyA,Sim2,5,4,0,0,organs.Leaf[id=443502]@13811a6e,2,0,0.003718784,0,0,0.001784085,0.0017,0
High,canopyA,Sim2,5,4,0,0,organs.Leaf[id=443508]@4a83f61f,3,0,0.017407743,0,0,0.00618975,0.006,0
High,canopyA,Sim2,5,4,0,0,organs.Leaf[id=443514]@7d62553a,4,0,0.071068139,0,0,0.00734318,0.0071,0
High,canopyA,Sim2,5,4,0,0,organs.Leaf[id=443520]@2ea846d6,5,0,0.117116486,0,0,0.007748931,0.0075,0
High,canopyA,Sim2,5,4,0,0,organs.Leaf[id=443526]@11f7ad02,6,0,0.102965928,0,0,0.008620067,0.0084,0
High,canopyA,Sim2,5,4,0,0,organs.Leaf[id=443532]@684e8d03,7,0,0.169313379,0,0,0.006797376,0.0066,0
High,canopyA,Sim2,5,4,0,0,organs.Leaf[id=443538]@4f319f6,8,0,0.224690026,0,0,0.004914565,0.0048,0
High,canopyA,Sim2,5,4,0,0,organs.Leaf[id=443544]@1055b996,9,0,0.098139356,0,0,0.001821099,0.0017,0
High,canopyA,Sim2,6,4,0,0,organs.Leaf[id=443556]@2d59aa05,2,0,0.001716846,0,0,0.001784772,0.0017,0
High,canopyA,Sim2,6,4,0,0,organs.Leaf[id=443557]@6c72eaa2,2,0,0.002613389,0,0,0.001785625,0.0017,0
High,canopyA,Sim2,6,4,0,0,organs.Leaf[id=443563]@1e06a532,3,0,0.011304381,0,0,0.006136232,0.006,0
High,canopyA,Sim2,6,4,0,0,organs.Leaf[id=443569]@23ec40c6,4,0,0.017384284,0,0,0.007346791,0.0071,0
High,canopyA,Sim2,6,4,0,0,organs.Leaf[id=443575]@71cbfb71,5,0,0.111062935,0,0,0.007849951,0.0075,0
High,canopyA,Sim2,6,4,0,0,organs.Leaf[id=443581]@33e5e0bc,6,0,0.173548159,0,0,0.008618611,0.0084,0
High,canopyA,Sim2,6,4,0,0,organs.Leaf[id=443587]@5095fa35,7,0,0.245864572,0,0,0.006849358,0.0066,0
High,canopyA,Sim2,6,4,0,0,organs.Leaf[id=443593]@33ba4c48,8,0,0.216132145,0,0,0.004985379,0.0048,0
High,canopyA,Sim2,6,4,0,0,organs.Leaf[id=443599]@69e068b5,9,0,0.090570056,0,0,0.001873183,0.0017,0
High,canopyA,Sim2,1,4,0,0,organs.Leaf[id=443270]@650c07c4,2,0,0.00331557,0,0,0.001770017,0.0017,0
High,canopyA,Sim2,1,4,0,0,organs.Leaf[id=443271]@7596eb73,2,0,0.002031467,0,0,0.001780934,0.0017,0
High,canopyA,Sim2,1,4,0,0,organs.Leaf[id=443277]@1e5fffa4,3,0,0.012254542,0,0,0.006147356,0.006,0
High,canopyA,Sim2,1,4,0,0,organs.Leaf[id=443283]@24ae3e34,4,0,0.013106833,0,0,0.007315365,0.0071,0
High,canopyA,Sim2,1,4,0,0,organs.Leaf[id=443289]@3ddbb0be,5,0,0.054752504,0,0,0.007741152,0.0075,0
High,canopyA,Sim2,1,4,0,0,organs.Leaf[id=443295]@5407a1e9,6,0,0.160700606,0,0,0.008637419,0.0084,0
High,canopyA,Sim2,1,4,0,0,organs.Leaf[id=443301]@43c7f1e3,7,0,0.17205386,0,0,0.006810042,0.0066,0
High,canopyA,Sim2,1,4,0,0,organs.Leaf[id=443307]@67307fe0,8,0,0.160745208,0,0,0.004992111,0.0048,0
High,canopyA,Sim2,1,4,0,0,organs.Leaf[id=443313]@55ccf3d2,9,0,0.082498374,0,0,0.001957687,0.0017,0
High,canopyA,Sim2,2,4,0,0,organs.Leaf[id=443325]@3ff7979e,2,0,0.001206605,0,0,0.00177994,0.0017,0
High,canopyA,Sim2,2,4,0,0,organs.Leaf[id=443326]@3dfd7f9f,2,0,0.001887155,0,0,0.001775118,0.0017,0
High,canopyA,Sim2,2,4,0,0,organs.Leaf[id=443332]@4a60ea53,3,0,0.0062368,0,0,0.006193876,0.006,0
High,canopyA,Sim2,2,4,0,0,organs.Leaf[id=443338]@1585e418,4,0,0.027249451,0,0,0.007330918,0.0071,0
High,canopyA,Sim2,2,4,0,0,organs.Leaf[id=443344]@5d8d1197,5,0,0.038527261,0,0,0.00772997,0.0075,0
High,canopyA,Sim2,2,4,0,0,organs.Leaf[id=443350]@156557be,6,0,0.212997651,0,0,0.008636009,0.0084,0
High,canopyA,Sim2,2,4,0,0,organs.Leaf[id=443356]@a49be15,7,0,0.110961861,0,0,0.006871707,0.0066,0
High,canopyA,Sim2,2,4,0,0,organs.Leaf[id=443362]@6a1ee150,8,0,0.233784294,0,0,0.004983164,0.0048,0
High,canopyA,Sim2,2,4,0,0,organs.Leaf[id=443368]@d0e7313,9,0,0.109027903,0,0,0.001928522,0.0017,0
High,canopyA,Sim2,2,4,0,0,organs.Leaf[id=443374]@1037c657,10,0,0.023914899,0,0,0.00046741,0.0004,0
High,canopyA,Sim2,3,4,0,0,organs.Leaf[id=443391]@6a019243,2,0,0.004241571,0,0,0.001787575,0.0017,0
High,canopyA,Sim2,3,4,0,0,organs.Leaf[id=443392]@766d8c8c,2,0,0.006176501,0,0,0.001766107,0.0017,0
High,canopyA,Sim2,3,4,0,0,organs.Leaf[id=443398]@710175c4,3,0,0.007583868,0,0,0.006161427,0.006,0
High,canopyA,Sim2,3,4,0,0,organs.Leaf[id=443404]@4aa35ce5,4,0,0.040001835,0,0,0.007354356,0.0071,0
High,canopyA,Sim2,3,4,0,0,organs.Leaf[id=443410]@78c1921c,5,0,0.051027593,0,0,0.007755454,0.0075,0
High,canopyA,Sim2,3,4,0,0,organs.Leaf[id=443416]@5a889a53,6,0,0.234214061,0,0,0.008615485,0.0084,0
High,canopyA,Sim2,3,4,0,0,organs.Leaf[id=443422]@2eff80e3,7,0,0.172052969,0,0,0.006807635,0.0066,0
High,canopyA,Sim2,3,4,0,0,organs.Leaf[id=443428]@764abd6e,8,0,0.213751743,0,0,0.004948357,0.0048,0
High,canopyA,Sim2,3,4,0,0,organs.Leaf[id=443434]@4bb2a7f2,9,0,0.09824032,0,0,0.001797837,0.0017,0
High,canopyA,Sim2,4,4,0,0,organs.Leaf[id=443446]@1ca3eed8,2,0,0.00431764,0,0,0.001772709,0.0017,0
High,canopyA,Sim2,4,4,0,0,organs.Leaf[id=443447]@15a45e41,2,0,0.000608968,0,0,0.001770395,0.0017,0
High,canopyA,Sim2,4,4,0,0,organs.Leaf[id=443453]@3a086b9c,3,0,0.006510786,0,0,0.006159036,0.006,0
High,canopyA,Sim2,4,4,0,0,organs.Leaf[id=443459]@c430398,4,0,0.00510529,0,0,0.007362146,0.0071,0
High,canopyA,Sim2,4,4,0,0,organs.Leaf[id=443465]@4e76c535,5,0,0.048815095,0,0,0.007773586,0.0075,0
High,canopyA,Sim2,4,4,0,0,organs.Leaf[id=443471]@388f198,6,0,0.027846465,0,0,0.00864759,0.0084,0
High,canopyA,Sim2,4,4,0,0,organs.Leaf[id=443477]@656ee39e,7,0,0.068099807,0,0,0.006901903,0.0066,0
High,canopyA,Sim2,4,4,0,0,organs.Leaf[id=443483]@174ae24c,8,0,0.180251339,0,0,0.004973835,0.0048,0
High,canopyA,Sim2,4,4,0,0,organs.Leaf[id=443489]@53db1b98,9,0,0.096417335,0,0,0.001859284,0.0017,0
High,canopyA,Sim2,5,4,0,0,organs.Leaf[id=443501]@4c1367c4,2,0,0.007960391,0,0,0.001780762,0.0017,0
High,canopyA,Sim2,5,4,0,0,organs.Leaf[id=443502]@13811a6e,2,0,0.00470272,0,0,0.001784085,0.0017,0
High,canopyA,Sim2,5,4,0,0,organs.Leaf[id=443508]@4a83f61f,3,0,0.017102934,0,0,0.00618975,0.006,0
High,canopyA,Sim2,5,4,0,0,organs.Leaf[id=443514]@7d62553a,4,0,0.071267381,0,0,0.00734318,0.0071,0
High,canopyA,Sim2,5,4,0,0,organs.Leaf[id=443520]@2ea846d6,5,0,0.120209016,0,0,0.007748931,0.0075,0
High,canopyA,Sim2,5,4,0,0,organs.Leaf[id=443526]@11f7ad02,6,0,0.100639432,0,0,0.008620067,0.0084,0
High,canopyA,Sim2,5,4,0,0,organs.Leaf[id=443532]@684e8d03,7,0,0.171796674,0,0,0.006797376,0.0066,0
High,canopyA,Sim2,5,4,0,0,organs.Leaf[id=443538]@4f319f6,8,0,0.224439656,0,0,0.004914565,0.0048,0
High,canopyA,Sim2,5,4,0,0,organs.Leaf[id=443544]@1055b996,9,0,0.098708385,0,0,0.001821099,0.0017,0
High,canopyA,Sim2,6,4,0,0,organs.Leaf[id=443556]@2d59aa05,2,0,0.001896889,0,0,0.001784772,0.0017,0
High,canopyA,Sim2,6,4,0,0,organs.Leaf[id=443557]@6c72eaa2,2,0,0.003046118,0,0,0.001785625,0.0017,0
High,canopyA,Sim2,6,4,0,0,organs.Leaf[id=443563]@1e06a532,3,0,0.012149662,0,0,0.006136232,0.006,0
High,canopyA,Sim2,6,4,0,0,organs.Leaf[id=443569]@23ec40c6,4,0,0.016793171,0,0,0.007346791,0.0071,0
High,canopyA,Sim2,6,4,0,0,organs.Leaf[id=443575]@71cbfb71,5,0,0.109551488,0,0,0.007849951,0.0075,0
High,canopyA,Sim2,6,4,0,0,organs.Leaf[id=443581]@33e5e0bc,6,0,0.172916625,0,0,0.008618611,0.0084,0
High,canopyA,Sim2,6,4,0,0,organs.Leaf[id=443587]@5095fa35,7,0,0.253396309,0,0,0.006849358,0.0066,0
High,canopyA,Sim2,6,4,0,0,organs.Leaf[id=443593]@33ba4c48,8,0,0.219139381,0,0,0.004985379,0.0048,0
High,canopyA,Sim2,6,4,0,0,organs.Leaf[id=443599]@69e068b5,9,0,0.088304225,0,0,0.001873183,0.0017,0
High,canopyB,Sim2,1,4,0,0,organs.Leaf[id=442375]@6f4a4f28,2,0,0.000559891,0,0,0.001779378,0.0017,0
High,canopyB,Sim2,1,4,0,0,organs.Leaf[id=442376]@4e88d665,2,0,0.001706458,0,0,0.001783885,0.0017,0
High,canopyB,Sim2,1,4,0,0,organs.Leaf[id=442382]@58a6286f,3,0,0.015462015,0,0,0.006148385,0.006,0
High,canopyB,Sim2,1,4,0,0,organs.Leaf[id=442388]@2a280ecc,4,0,0.070250185,0,0,0.007380568,0.0071,0
High,canopyB,Sim2,1,4,0,0,organs.Leaf[id=442394]@3a9b4575,5,0,0.060606336,0,0,0.007726428,0.0075,0
High,canopyB,Sim2,1,4,0,0,organs.Leaf[id=442400]@da8cf52,6,0,0.174627638,0,0,0.00863081,0.0084,0
High,canopyB,Sim2,1,4,0,0,organs.Leaf[id=442406]@51ce9894,7,0,0.13057821,0,0,0.006873522,0.0066,0
High,canopyB,Sim2,1,4,0,0,organs.Leaf[id=442412]@4c369e6b,8,0,0.233736093,0,0,0.00496141,0.0048,0
High,canopyB,Sim2,1,4,0,0,organs.Leaf[id=442418]@2a50c598,9,0,0.105140527,0,0,0.001744208,0.0017,0
High,canopyB,Sim2,2,4,0,0,organs.Leaf[id=442430]@176af4ba,2,0,0.003670794,0,0,0.001781416,0.0017,0
High,canopyB,Sim2,2,4,0,0,organs.Leaf[id=442431]@5e8612fc,2,0,0.004453061,0,0,0.001777428,0.0017,0
High,canopyB,Sim2,2,4,0,0,organs.Leaf[id=442437]@205f11fd,3,0,0.012378697,0,0,0.006204695,0.006,0
High,canopyB,Sim2,2,4,0,0,organs.Leaf[id=442443]@489fab17,4,0,0.016523481,0,0,0.007316859,0.0071,0
High,canopyB,Sim2,2,4,0,0,organs.Leaf[id=442449]@7336ffb7,5,0,0.111968132,0,0,0.007704041,0.0075,0
High,canopyB,Sim2,2,4,0,0,organs.Leaf[id=442455]@fe43b18,6,0,0.163840029,0,0,0.008586593,0.0084,0
High,canopyB,Sim2,2,4,0,0,organs.Leaf[id=442461]@2877f8e4,7,0,0.115448638,0,0,0.006823541,0.0066,0
High,canopyB,Sim2,2,4,0,0,organs.Leaf[id=442467]@2f49b770,8,0,0.064566267,0,0,0.004959429,0.0048,0
High,canopyB,Sim2,2,4,0,0,organs.Leaf[id=442473]@9a40b47,9,0,0.102918681,0,0,0.00174413,0.0017,0
High,canopyB,Sim2,3,4,0,0,organs.Leaf[id=442485]@2caa14ed,2,0,0.002890511,0,0,0.001780057,0.0017,0
High,canopyB,Sim2,3,4,0,0,organs.Leaf[id=442486]@2a7744e7,2,0,0.003510241,0,0,0.001779984,0.0017,0
High,canopyB,Sim2,3,4,0,0,organs.Leaf[id=442492]@15421e7b,3,0,0.044185161,0,0,0.006231698,0.006,0
High,canopyB,Sim2,3,4,0,0,organs.Leaf[id=442498]@7cbcfa43,4,0,0.042749459,0,0,0.00736102,0.0071,0
High,canopyB,Sim2,3,4,0,0,organs.Leaf[id=442504]@7f047e7e,5,0,0.074251498,0,0,0.00780746,0.0075,0
High,canopyB,Sim2,3,4,0,0,organs.Leaf[id=442510]@e1afcf1,6,0,0.10950507,0,0,0.008636617,0.0084,0
High,canopyB,Sim2,3,4,0,0,organs.Leaf[id=442516]@7ca8ed4c,7,0,0.176980683,0,0,0.006826609,0.0066,0
High,canopyB,Sim2,3,4,0,0,organs.Leaf[id=442522]@27076bdb,8,0,0.229445915,0,0,0.004989213,0.0048,0
High,canopyB,Sim2,3,4,0,0,organs.Leaf[id=442528]@2812d24d,9,0,0.109660526,0,0,0.001898769,0.0017,0
High,canopyB,Sim2,3,4,0,0,organs.Leaf[id=442534]@f6ad5e9,10,0,0.025885523,0,0,0.000469941,0.0004,0
High,canopyB,Sim2,4,4,0,0,organs.Leaf[id=442546]@6c30bd76,2,0,0.005606281,0,0,0.001769574,0.0017,0
High,canopyB,Sim2,4,4,0,0,organs.Leaf[id=442547]@29e2f5db,2,0,0.002804257,0,0,0.001795748,0.0017,0
High,canopyB,Sim2,4,4,0,0,organs.Leaf[id=442553]@821e476,3,0,0.031973759,0,0,0.006184168,0.006,0
High,canopyB,Sim2,4,4,0,0,organs.Leaf[id=442559]@48c61c6f,4,0,0.10615479,0,0,0.007353885,0.0071,0
High,canopyB,Sim2,4,4,0,0,organs.Leaf[id=442565]@3981a27c,5,0,0.13830796,0,0,0.007765197,0.0075,0
High,canopyB,Sim2,4,4,0,0,organs.Leaf[id=442571]@18f46f44,6,0,0.067583783,0,0,0.008615378,0.0084,0
High,canopyB,Sim2,4,4,0,0,organs.Leaf[id=442577]@4cf37f55,7,0,0.252974627,0,0,0.006826785,0.0066,0
High,canopyB,Sim2,4,4,0,0,organs.Leaf[id=442583]@3a3f220c,8,0,0.241011788,0,0,0.004987509,0.0048,0
High,canopyB,Sim2,4,4,0,0,organs.Leaf[id=442589]@12d10300,9,0,0.12407574,0,0,0.001885827,0.0017,0
High,canopyB,Sim2,5,4,0,0,organs.Leaf[id=442601]@3e14475c,2,0,0.002615094,0,0,0.001786389,0.0017,0
High,canopyB,Sim2,5,4,0,0,organs.Leaf[id=442602]@6c6b9860,2,0,0.003614728,0,0,0.001777179,0.0017,0
High,canopyB,Sim2,5,4,0,0,organs.Leaf[id=442608]@2e7d7fb3,3,0,0.03403246,0,0,0.006112916,0.006,0
High,canopyB,Sim2,5,4,0,0,organs.Leaf[id=442614]@1d0f5a25,4,0,0.014258218,0,0,0.007269999,0.0071,0
High,canopyB,Sim2,5,4,0,0,organs.Leaf[id=442620]@5fbb693f,5,0,0.065369084,0,0,0.007844755,0.0075,0
High,canopyB,Sim2,5,4,0,0,organs.Leaf[id=442626]@1d24e87e,6,0,0.120400712,0,0,0.008619165,0.0084,0
High,canopyB,Sim2,5,4,0,0,organs.Leaf[id=442632]@4fa31526,7,0,0.205752163,0,0,0.006845887,0.0066,0
High,canopyB,Sim2,5,4,0,0,organs.Leaf[id=442638]@624b8e8b,8,0,0.102012546,0,0,0.005026872,0.0048,0
High,canopyB,Sim2,5,4,0,0,organs.Leaf[id=442644]@6f56c3bd,9,0,0.090515579,0,0,0.001853731,0.0017,0
High,canopyB,Sim2,5,4,0,0,organs.Leaf[id=442650]@3ad935e7,10,0,0.026491592,0,0,0.000469821,0.0004,0
High,canopyB,Sim2,6,4,0,0,organs.Leaf[id=442662]@26eda4dc,2,0,0.001685803,0,0,0.001769776,0.0017,0
High,canopyB,Sim2,6,4,0,0,organs.Leaf[id=442663]@e04cbfe,2,0,0.0017782,0,0,0.001773056,0.0017,0
High,canopyB,Sim2,6,4,0,0,organs.Leaf[id=442669]@72681f89,3,0,0.009675878,0,0,0.006157707,0.006,0
High,canopyB,Sim2,6,4,0,0,organs.Leaf[id=442675]@4bb552d1,4,0,0.031538521,0,0,0.007314196,0.0071,0
High,canopyB,Sim2,6,4,0,0,organs.Leaf[id=442681]@32eab11,5,0,0.048929372,0,0,0.007760564,0.0075,0
High,canopyB,Sim2,6,4,0,0,organs.Leaf[id=442687]@36a25160,6,0,0.1755671,0,0,0.008625979,0.0084,0
High,canopyB,Sim2,6,4,0,0,organs.Leaf[id=442693]@4d3af9c,7,0,0.084738375,0,0,0.006852171,0.0066,0
High,canopyB,Sim2,6,4,0,0,organs.Leaf[id=442699]@72146792,8,0,0.173882026,0,0,0.004953678,0.0048,0
High,canopyB,Sim2,6,4,0,0,organs.Leaf[id=442705]@9e73fef,9,0,0.008231919,0,0,0.001881636,0.0017,0
High,canopyB,Sim2,6,4,0,0,organs.Leaf[id=442711]@33af8758,10,0,0.010819631,0,0,0.000447327,0.0004,0
Low,experiment,Sim2,1,4,0,0,organs.Leaf[id=435308]@4bd03af9,2,0,0.005300417,0,0,0.001772253,0.0017,0
Low,experiment,Sim2,1,4,0,0,organs.Leaf[id=435309]@1c1ab893,2,0,0.002893657,0,0,0.001779252,0.0017,0
Low,experiment,Sim2,1,4,0,0,organs.Leaf[id=435315]@40eb2fb5,3,0,0.019689637,0,0,0.006143797,0.006,0
Low,experiment,Sim2,1,4,0,0,organs.Leaf[id=435321]@133c85ff,4,0,0.105927344,0,0,0.007294266,0.0071,0
Low,experiment,Sim2,1,4,0,0,organs.Leaf[id=435327]@60a6ebde,5,0,0.09586341,0,0,0.007725701,0.0075,0
Low,experiment,Sim2,1,4,0,0,organs.Leaf[id=435333]@48bfd109,6,0,0.225504002,0,0,0.008581552,0.0084,0
Low,experiment,Sim2,1,4,0,0,organs.Leaf[id=435339]@5db85947,7,0,0.249710191,0,0,0.006866822,0.0066,0
Low,experiment,Sim2,1,4,0,0,organs.Leaf[id=435345]@4d7d747a,8,0,0.185592205,0,0,0.005000106,0.0048,0
Low,experiment,Sim2,1,4,0,0,organs.Leaf[id=435351]@338cc09b,9,0,0.096499009,0,0,0.001863478,0.0017,0
Low,experiment,Sim2,2,4,0,0,organs.Leaf[id=435363]@3afe0ea4,2,0,0.001814987,0,0,0.001785861,0.0017,0
Low,experiment,Sim2,2,4,0,0,organs.Leaf[id=435364]@3e87ab87,2,0,0.002969788,0,0,0.001766554,0.0017,0
Low,experiment,Sim2,2,4,0,0,organs.Leaf[id=435370]@5f9b0ed1,3,0,0.016637992,0,0,0.006165417,0.006,0
Low,experiment,Sim2,2,4,0,0,organs.Leaf[id=435376]@571b959b,4,0,0.011382534,0,0,0.007327554,0.0071,0
Low,experiment,Sim2,2,4,0,0,organs.Leaf[id=435382]@18b357e8,5,0,0.02662778,0,0,0.007764704,0.0075,0
Low,experiment,Sim2,2,4,0,0,organs.Leaf[id=435388]@51b99819,6,0,0.196709786,0,0,0.008625668,0.0084,0
Low,experiment,Sim2,2,4,0,0,organs.Leaf[id=435394]@1d36bd00,7,0,0.195299238,0,0,0.006816608,0.0066,0
Low,experiment,Sim2,2,4,0,0,organs.Leaf[id=435400]@21c86510,8,0,0.125530615,0,0,0.00500533,0.0048,0
Low,experiment,Sim2,2,4,0,0,organs.Leaf[id=435406]@501f1a27,9,0,0.018298861,0,0,0.001841364,0.0017,0
Low,experiment,Sim2,3,4,0,0,organs.Leaf[id=435423]@5605842e,2,0,0.002176126,0,0,0.001777628,0.0017,0
Low,experiment,Sim2,3,4,0,0,organs.Leaf[id=435424]@481cff77,2,0,0.003016485,0,0,0.001773696,0.0017,0
Low,experiment,Sim2,3,4,0,0,organs.Leaf[id=435430]@7a7e1f18,3,0,0.020217922,0,0,0.006134796,0.006,0
Low,experiment,Sim2,3,4,0,0,organs.Leaf[id=435436]@1e12fedc,4,0,0.03320052,0,0,0.007229046,0.0071,0
Low,experiment,Sim2,3,4,0,0,organs.Leaf[id=435442]@7d28d5d0,5,0,0.058242075,0,0,0.007812162,0.0075,0
Low,experiment,Sim2,3,4,0,0,organs.Leaf[id=435448]@72226e4b,6,0,0.237891155,0,0,0.008620023,0.0084,0
Low,experiment,Sim2,3,4,0,0,organs.Leaf[id=435454]@680b3e43,7,0,0.119810878,0,0,0.006801659,0.0066,0
Low,experiment,Sim2,3,4,0,0,organs.Leaf[id=435460]@303d0bfb,8,0,0.125569032,0,0,0.004994054,0.0048,0
Low,experiment,Sim2,3,4,0,0,organs.Leaf[id=435466]@685a8d10,9,0,0.090542519,0,0,0.001853464,0.0017,0
Low,experiment,Sim2,4,4,0,0,organs.Leaf[id=435478]@49f71363,2,0,0.004372152,0,0,0.001775168,0.0017,0
Low,experiment,Sim2,4,4,0,0,organs.Leaf[id=435479]@29f6c6f5,2,0,0.003280978,0,0,0.001773714,0.0017,0
Low,experiment,Sim2,4,4,0,0,organs.Leaf[id=435485]@30b4d960,3,0,0.010921941,0,0,0.006153302,0.006,0
Low,experiment,Sim2,4,4,0,0,organs.Leaf[id=435491]@33f5795,4,0,0.037943016,0,0,0.007317291,0.0071,0
Low,experiment,Sim2,4,4,0,0,organs.Leaf[id=435497]@560d8737,5,0,0.056807481,0,0,0.007732835,0.0075,0
Low,experiment,Sim2,4,4,0,0,organs.Leaf[id=435503]@4928e6e3,6,0,0.232666452,0,0,0.008625676,0.0084,0
Low,experiment,Sim2,4,4,0,0,organs.Leaf[id=435509]@52ded4fb,7,0,0.161956427,0,0,0.006713207,0.0066,0
Low,experiment,Sim2,4,4,0,0,organs.Leaf[id=435515]@11623f60,8,0,0.054421813,0,0,0.005010589,0.0048,0
Low,experiment,Sim2,4,4,0,0,organs.Leaf[id=435521]@4955c830,9,0,0.109251969,0,0,0.00181428,0.0017,0
Low,experiment,Sim2,5,4,0,0,organs.Leaf[id=435533]@7681d03,2,0,0.005836631,0,0,0.001775974,0.0017,0
Low,experiment,Sim2,5,4,0,0,organs.Leaf[id=435534]@cf58b58,2,0,0.001314011,0,0,0.001782121,0.0017,0
Low,experiment,Sim2,5,4,0,0,organs.Leaf[id=435540]@78d90038,3,0,0.032775662,0,0,0.006124889,0.006,0
Low,experiment,Sim2,5,4,0,0,organs.Leaf[id=435546]@1fd775f9,4,0,0.033893673,0,0,0.007270708,0.0071,0
Low,experiment,Sim2,5,4,0,0,organs.Leaf[id=435552]@6d8e748c,5,0,0.045580737,0,0,0.007742372,0.0075,0
Low,experiment,Sim2,5,4,0,0,organs.Leaf[id=435558]@358d4b54,6,0,0.263410429,0,0,0.008605068,0.0084,0
Low,experiment,Sim2,5,4,0,0,organs.Leaf[id=435564]@df46100,7,0,0.180553239,0,0,0.006910474,0.0066,0
Low,experiment,Sim2,5,4,0,0,organs.Leaf[id=435570]@404d0804,8,0,0.258149358,0,0,0.005014817,0.0048,0
Low,experiment,Sim2,5,4,0,0,organs.Leaf[id=435576]@3b43354d,9,0,0.10301185,0,0,0.001824624,0.0017,0
Low,experiment,Sim2,6,4,0,0,organs.Leaf[id=435588]@26a6fb6c,2,0,0.00156961,0,0,0.001760357,0.0017,0
Low,experiment,Sim2,6,4,0,0,organs.Leaf[id=435589]@343568ea,2,0,0.004469099,0,0,0.001774045,0.0017,0
Low,experiment,Sim2,6,4,0,0,organs.Leaf[id=435595]@6ead0f92,3,0,0.008857293,0,0,0.006160703,0.006,0
Low,experiment,Sim2,6,4,0,0,organs.Leaf[id=435601]@c5a5cab,4,0,0.017173661,0,0,0.007314189,0.0071,0
Low,experiment,Sim2,6,4,0,0,organs.Leaf[id=435607]@4620aa91,5,0,0.047349685,0,0,0.007761624,0.0075,0
Low,experiment,Sim2,6,4,0,0,organs.Leaf[id=435613]@7f6a7409,6,0,0.060957082,0,0,0.008570192,0.0084,0
Low,experiment,Sim2,6,4,0,0,organs.Leaf[id=435619]@7271f196,7,0,0.07050107,0,0,0.006739985,0.0066,0
Low,experiment,Sim2,6,4,0,0,organs.Leaf[id=435625]@8e45357,8,0,0.074647073,0,0,0.004960557,0.0048,0
Low,experiment,Sim2,6,4,0,0,organs.Leaf[id=435631]@5d2a2667,9,0,0.024604101,0,0,0.001832551,0.0017,0
Low,canopyA,Sim2,1,4,0,0,organs.Leaf[id=438813]@1fbefa69,2,0,0.000494388,0,0,0.001774113,0.0017,0
Low,canopyA,Sim2,1,4,0,0,organs.Leaf[id=438814]@6a1cfbe2,2,0,0.001188651,0,0,0.001784124,0.0017,0
Low,canopyA,Sim2,1,4,0,0,organs.Leaf[id=438820]@5b7b7e72,3,0,0.007771635,0,0,0.006144646,0.006,0
Low,canopyA,Sim2,1,4,0,0,organs.Leaf[id=438826]@22632bc3,4,0,0.015576913,0,0,0.007309243,0.0071,0
Low,canopyA,Sim2,1,4,0,0,organs.Leaf[id=438832]@17d2a0b3,5,0,0.029989758,0,0,0.007767884,0.0075,0
Low,canopyA,Sim2,1,4,0,0,organs.Leaf[id=438838]@6744e546,6,0,0.149078486,0,0,0.008598079,0.0084,0
Low,canopyA,Sim2,1,4,0,0,organs.Leaf[id=438844]@77694cae,7,0,0.067689876,0,0,0.00680974,0.0066,0
Low,canopyA,Sim2,1,4,0,0,organs.Leaf[id=438850]@4fd134ce,8,0,0.243218331,0,0,0.004988717,0.0048,0
Low,canopyA,Sim2,1,4,0,0,organs.Leaf[id=438856]@75e6d54,9,0,0.082079537,0,0,0.001754992,0.0017,0
Low,canopyA,Sim2,2,4,0,0,organs.Leaf[id=438868]@67123248,2,0,0.007656903,0,0,0.001768612,0.0017,0
Low,canopyA,Sim2,2,4,0,0,organs.Leaf[id=438869]@49f407b3,2,0,0.002915511,0,0,0.001780275,0.0017,0
Low,canopyA,Sim2,2,4,0,0,organs.Leaf[id=438875]@7162f22,3,0,0.012438971,0,0,0.006132615,0.006,0
Low,canopyA,Sim2,2,4,0,0,organs.Leaf[id=438881]@11edcaab,4,0,0.013452834,0,0,0.00726473,0.0071,0
Low,canopyA,Sim2,2,4,0,0,organs.Leaf[id=438887]@16ae74a8,5,0,0.079555921,0,0,0.007684707,0.0075,0
Low,canopyA,Sim2,2,4,0,0,organs.Leaf[id=438893]@51e75ab9,6,0,0.100251381,0,0,0.008660569,0.0084,0
Low,canopyA,Sim2,2,4,0,0,organs.Leaf[id=438899]@167fee39,7,0,0.20310045,0,0,0.006784594,0.0066,0
Low,canopyA,Sim2,2,4,0,0,organs.Leaf[id=438905]@596713a7,8,0,0.254237799,0,0,0.005019536,0.0048,0
Low,canopyA,Sim2,2,4,0,0,organs.Leaf[id=438911]@768aa04c,9,0,0.097046609,0,0,0.001864542,0.0017,0
Low,canopyA,Sim2,3,4,0,0,organs.Leaf[id=438923]@3ef2d118,2,0,0.002096112,0,0,0.001778651,0.0017,0
Low,canopyA,Sim2,3,4,0,0,organs.Leaf[id=438924]@53a2f966,2,0,0.004432139,0,0,0.001778175,0.0017,0
Low,canopyA,Sim2,3,4,0,0,organs.Leaf[id=438930]@44643aea,3,0,0.00398075,0,0,0.006165501,0.006,0
Low,canopyA,Sim2,3,4,0,0,organs.Leaf[id=438936]@3eaf2502,4,0,0.004746196,0,0,0.007340152,0.0071,0
Low,canopyA,Sim2,3,4,0,0,organs.Leaf[id=438942]@1cffc591,5,0,0.048122844,0,0,0.007767417,0.0075,0
Low,canopyA,Sim2,3,4,0,0,organs.Leaf[id=438948]@cffd8d7,6,0,0.152936945,0,0,0.008604823,0.0084,0
Low,canopyA,Sim2,3,4,0,0,organs.Leaf[id=438954]@2eda7c57,7,0,0.177538113,0,0,0.00680394,0.0066,0
Low,canopyA,Sim2,3,4,0,0,organs.Leaf[id=438960]@7e06ee31,8,0,0.264371942,0,0,0.004989895,0.0048,0
Low,canopyA,Sim2,3,4,0,0,organs.Leaf[id=438966]@512d9a90,9,0,0.109147801,0,0,0.001843039,0.0017,0
Low,canopyA,Sim2,4,4,0,0,organs.Leaf[id=438978]@26ca45ba,2,0,0.001537777,0,0,0.001781842,0.0017,0
Low,canopyA,Sim2,4,4,0,0,organs.Leaf[id=438979]@5f673355,2,0,0.001220477,0,0,0.001785237,0.0017,0
Low,canopyA,Sim2,4,4,0,0,organs.Leaf[id=438985]@1ba2b66b,3,0,0.009649538,0,0,0.006147369,0.006,0
Low,canopyA,Sim2,4,4,0,0,organs.Leaf[id=438991]@3e396c09,4,0,0.01756482,0,0,0.007299534,0.0071,0
Low,canopyA,Sim2,4,4,0,0,organs.Leaf[id=438997]@35b4ed9f,5,0,0.0979293,0,0,0.007728108,0.0075,0
Low,canopyA,Sim2,4,4,0,0,organs.Leaf[id=439003]@5892e40f,6,0,0.18111876,0,0,0.008616297,0.0084,0
Low,canopyA,Sim2,4,4,0,0,organs.Leaf[id=439009]@52c5dbac,7,0,0.060515359,0,0,0.00683715,0.0066,0
Low,canopyA,Sim2,4,4,0,0,organs.Leaf[id=439015]@12883803,8,0,0.223391498,0,0,0.00500252,0.0048,0
Low,canopyA,Sim2,4,4,0,0,organs.Leaf[id=439021]@6745b663,9,0,0.096282133,0,0,0.00185882,0.0017,0
Low,canopyA,Sim2,5,4,0,0,organs.Leaf[id=439033]@2defaa76,2,0,0.003501914,0,0,0.001768272,0.0017,0
Low,canopyA,Sim2,5,4,0,0,organs.Leaf[id=439034]@4ad7ab9c,2,0,0.002725227,0,0,0.001769012,0.0017,0
Low,canopyA,Sim2,5,4,0,0,organs.Leaf[id=439040]@2aec926b,3,0,0.019930099,0,0,0.006161158,0.006,0
Low,canopyA,Sim2,5,4,0,0,organs.Leaf[id=439046]@16d4c785,4,0,0.038276017,0,0,0.007282031,0.0071,0
Low,canopyA,Sim2,5,4,0,0,organs.Leaf[id=439052]@174e1832,5,0,0.061950033,0,0,0.007818382,0.0075,0
Low,canopyA,Sim2,5,4,0,0,organs.Leaf[id=439058]@7576f5a3,6,0,0.218789188,0,0,0.008610716,0.0084,0
Low,canopyA,Sim2,5,4,0,0,organs.Leaf[id=439064]@13a448f0,7,0,0.160378538,0,0,0.006748129,0.0066,0
Low,canopyA,Sim2,5,4,0,0,organs.Leaf[id=439070]@76686f95,8,0,0.257019762,0,0,0.005007257,0.0048,0
Low,canopyA,Sim2,5,4,0,0,organs.Leaf[id=439076]@3cf09309,9,0,0.085204187,0,0,0.001828045,0.0017,0
Low,canopyA,Sim2,6,4,0,0,organs.Leaf[id=439088]@18ae7105,2,0,0.003577549,0,0,0.001780793,0.0017,0
Low,canopyA,Sim2,6,4,0,0,organs.Leaf[id=439089]@1aa9aedd,2,0,0.002597266,0,0,0.001782127,0.0017,0
Low,canopyA,Sim2,6,4,0,0,organs.Leaf[id=439095]@42251d7f,3,0,0.002789432,0,0,0.006120582,0.006,0
Low,canopyA,Sim2,6,4,0,0,organs.Leaf[id=439101]@1eb04c81,4,0,0.012240009,0,0,0.007267363,0.0071,0
Low,canopyA,Sim2,6,4,0,0,organs.Leaf[id=439107]@6812362c,5,0,0.016652176,0,0,0.007844519,0.0075,0
Low,canopyA,Sim2,6,4,0,0,organs.Leaf[id=439113]@1ac7abde,6,0,0.030024072,0,0,0.008588138,0.0084,0
Low,canopyA,Sim2,6,4,0,0,organs.Leaf[id=439119]@25d27286,7,0,0.135909328,0,0,0.006728183,0.0066,0
Low,canopyA,Sim2,6,4,0,0,organs.Leaf[id=439125]@3dd91f84,8,0,0.161502967,0,0,0.004942763,0.0048,0
Low,canopyA,Sim2,6,4,0,0,organs.Leaf[id=439131]@17db0d58,9,0,0.107349115,0,0,0.001811911,0.0017,0
Low,canopyB,Sim2,1,4,0,0,organs.Leaf[id=437059]@3e4b42c9,2,0,0.009070174,0,0,0.001786427,0.0017,0
Low,canopyB,Sim2,1,4,0,0,organs.Leaf[id=437060]@1bf6d2c,2,0,0.004815093,0,0,0.001786737,0.0017,0
Low,canopyB,Sim2,1,4,0,0,organs.Leaf[id=437066]@1371b8a2,3,0,0.01708213,0,0,0.006160983,0.006,0
Low,canopyB,Sim2,1,4,0,0,organs.Leaf[id=437072]@18d80a5b,4,0,0.113636019,0,0,0.007294702,0.0071,0
Low,canopyB,Sim2,1,4,0,0,organs.Leaf[id=437078]@75fc6e04,5,0,0.07672287,0,0,0.007673145,0.0075,0
Low,canopyB,Sim2,1,4,0,0,organs.Leaf[id=437084]@369b4751,6,0,0.110922473,0,0,0.008608284,0.0084,0
Low,canopyB,Sim2,1,4,0,0,organs.Leaf[id=437090]@73ba17d8,7,0,0.164184617,0,0,0.00676906,0.0066,0
Low,canopyB,Sim2,1,4,0,0,organs.Leaf[id=437096]@2dafd550,8,0,0.147184733,0,0,0.004992434,0.0048,0
Low,canopyB,Sim2,1,4,0,0,organs.Leaf[id=437102]@40e91279,9,0,0.107961743,0,0,0.001860221,0.0017,0
Low,canopyB,Sim2,2,4,0,0,organs.Leaf[id=437114]@55682795,2,0,0.006779462,0,0,0.001778112,0.0017,0
Low,canopyB,Sim2,2,4,0,0,organs.Leaf[id=437115]@1ea0b337,2,0,0.002968312,0,0,0.001796935,0.0017,0
Low,canopyB,Sim2,2,4,0,0,organs.Leaf[id=437121]@549f037b,3,0,0.049950597,0,0,0.006163684,0.006,0
Low,canopyB,Sim2,2,4,0,0,organs.Leaf[id=437127]@7f958d4e,4,0,0.035565565,0,0,0.00733273,0.0071,0
Low,canopyB,Sim2,2,4,0,0,organs.Leaf[id=437133]@5cf9f30c,5,0,0.14993293,0,0,0.007748408,0.0075,0
Low,canopyB,Sim2,2,4,0,0,organs.Leaf[id=437139]@62beeb67,6,0,0.187629879,0,0,0.008652289,0.0084,0
Low,canopyB,Sim2,2,4,0,0,organs.Leaf[id=437145]@57d3250c,7,0,0.226023673,0,0,0.006849019,0.0066,0
Low,canopyB,Sim2,2,4,0,0,organs.Leaf[id=437151]@325e1adc,8,0,0.054871117,0,0,0.005000895,0.0048,0
Low,canopyB,Sim2,2,4,0,0,organs.Leaf[id=437157]@437ac057,9,0,0.10379941,0,0,0.001835578,0.0017,0
Low,canopyB,Sim2,3,4,0,0,organs.Leaf[id=437169]@578bb6da,2,0,0.017988796,0,0,0.001787223,0.0017,0
Low,canopyB,Sim2,3,4,0,0,organs.Leaf[id=437170]@1c6af762,2,0,0.005104028,0,0,0.001782884,0.0017,0
Low,canopyB,Sim2,3,4,0,0,organs.Leaf[id=437176]@3afff284,3,0,0.032372896,0,0,0.006142847,0.006,0
Low,canopyB,Sim2,3,4,0,0,organs.Leaf[id=437182]@2c1a899e,4,0,0.087988818,0,0,0.007283733,0.0071,0
Low,canopyB,Sim2,3,4,0,0,organs.Leaf[id=437188]@119c0169,5,0,0.123179602,0,0,0.007746038,0.0075,0
Low,canopyB,Sim2,3,4,0,0,organs.Leaf[id=437194]@6cc28fa3,6,0,0.062503456,0,0,0.008588169,0.0084,0
Low,canopyB,Sim2,3,4,0,0,organs.Leaf[id=437200]@5cc01937,7,0,0.255157105,0,0,0.006793415,0.0066,0
Low,canopyB,Sim2,3,4,0,0,organs.Leaf[id=437206]@4ca4b2d8,8,0,0.250919941,0,0,0.004992575,0.0048,0
Low,canopyB,Sim2,3,4,0,0,organs.Leaf[id=437212]@340cf38b,9,0,0.103852213,0,0,0.001825425,0.0017,0
Low,canopyB,Sim2,4,4,0,0,organs.Leaf[id=437224]@15c1ffdc,2,0,0.005324048,0,0,0.001783461,0.0017,0
Low,canopyB,Sim2,4,4,0,0,organs.Leaf[id=437225]@7ea3768f,2,0,0.004369119,0,0,0.001785003,0.0017,0
Low,canopyB,Sim2,4,4,0,0,organs.Leaf[id=437231]@4bce23c8,3,0,0.029672412,0,0,0.006160952,0.006,0
Low,canopyB,Sim2,4,4,0,0,organs.Leaf[id=437237]@74b86158,4,0,0.034505847,0,0,0.007295221,0.0071,0
Low,canopyB,Sim2,4,4,0,0,organs.Leaf[id=437243]@1197be3d,5,0,0.07672408,0,0,0.007736334,0.0075,0
Low,canopyB,Sim2,4,4,0,0,organs.Leaf[id=437249]@47d0c962,6,0,0.247310311,0,0,0.008677494,0.0084,0
Low,canopyB,Sim2,4,4,0,0,organs.Leaf[id=437255]@4ed75f5a,7,0,0.20452535,0,0,0.006750649,0.0066,0
Low,canopyB,Sim2,4,4,0,0,organs.Leaf[id=437261]@3eca2a9c,8,0,0.185936443,0,0,0.004970337,0.0048,0
Low,canopyB,Sim2,4,4,0,0,organs.Leaf[id=437267]@64e3f859,9,0,0.03253743,0,0,0.001858175,0.0017,0
Low,canopyB,Sim2,5,4,0,0,organs.Leaf[id=437279]@6005c70,2,0,0.001475114,0,0,0.001783695,0.0017,0
Low,canopyB,Sim2,5,4,0,0,organs.Leaf[id=437280]@409b6175,2,0,0.004479575,0,0,0.001781617,0.0017,0
Low,canopyB,Sim2,5,4,0,0,organs.Leaf[id=437286]@66a4ab93,3,0,0.00806755,0,0,0.006143619,0.006,0
Low,canopyB,Sim2,5,4,0,0,organs.Leaf[id=437292]@798fef98,4,0,0.022058574,0,0,0.007258054,0.0071,0
Low,canopyB,Sim2,5,4,0,0,organs.Leaf[id=437298]@2b72aa9a,5,0,0.03960043,0,0,0.007756915,0.0075,0
Low,canopyB,Sim2,5,4,0,0,organs.Leaf[id=437304]@115e0013,6,0,0.224625274,0,0,0.008636858,0.0084,0
Low,canopyB,Sim2,5,4,0,0,organs.Leaf[id=437310]@5dba95b0,7,0,0.13564433,0,0,0.00681135,0.0066,0
Low,canopyB,Sim2,5,4,0,0,organs.Leaf[id=437316]@34edd5fc,8,0,0.165631056,0,0,0.005006727,0.0048,0
Low,canopyB,Sim2,5,4,0,0,organs.Leaf[id=437322]@ecbac07,9,0,0.027434201,0,0,0.001804718,0.0017,0
Low,canopyB,Sim2,6,4,0,0,organs.Leaf[id=437334]@550ae91c,2,0,0.006268711,0,0,0.001767183,0.0017,0
Low,canopyB,Sim2,6,4,0,0,organs.Leaf[id=437335]@174cada6,2,0,0.003160677,0,0,0.001796468,0.0017,0
Low,canopyB,Sim2,6,4,0,0,organs.Leaf[id=437341]@208ed499,3,0,0.009389308,0,0,0.006143435,0.006,0
Low,canopyB,Sim2,6,4,0,0,organs.Leaf[id=437347]@1f5c899c,4,0,0.02255043,0,0,0.007296297,0.0071,0
Low,canopyB,Sim2,6,4,0,0,organs.Leaf[id=437353]@4efb2f1f,5,0,0.175653351,0,0,0.007794332,0.0075,0
Low,canopyB,Sim2,6,4,0,0,organs.Leaf[id=437359]@69571210,6,0,0.148172443,0,0,0.008621164,0.0084,0
Low,canopyB,Sim2,6,4,0,0,organs.Leaf[id=437365]@a04e660,7,0,0.235340286,0,0,0.006782726,0.0066,0
Low,canopyB,Sim2,6,4,0,0,organs.Leaf[id=437371]@1d0ba0ef,8,0,0.087045556,0,0,0.005010531,0.0048,0
Low,canopyB,Sim2,6,4,0,0,organs.Leaf[id=437377]@2c43e7c8,9,0,0.072276283,0,0,0.001831979,0.0017,0
Low,canopyB,Sim2,6,4,0,0,organs.Leaf[id=437383]@276945f,10,0,0.026530116,0,0,0.000481434,0.0004,0
