density,architecture,repetition,absorbedPAR_umol_m2_s1,absorbedPAR_%,absorbedPAR_umol_m2_s1_crop,absorbedPAR_umol_m2_s1_crop%
Low,A-Gradient45-90,100,24.30129602921483,8.899878422137478,248.7507039707852,91.10012157786252
Low,A-Gradient45-90,10,25.62674242455919,9.385297461494217,247.42525757544084,90.61470253850578
Low,A-Gradient45-90,11,14.002509671960595,5.128147631938457,259.04949032803944,94.87185236806155
Low,A-Gradient45-90,12,21.74769747949152,7.964672472456351,251.3043025205085,92.03532752754366
Low,A-Gradient45-90,13,17.325195776651423,6.345016984549251,255.7268042233486,93.65498301545075
Low,A-Gradient45-90,14,24.11320503067634,8.830993741366603,248.93879496932368,91.1690062586334
Low,A-Gradient45-90,15,18.837692229780234,6.898939480311528,254.2143077702198,93.10106051968847
Low,A-Gradient45-90,16,22.14564231042903,8.11041204987659,250.906357689571,91.8895879501234
Low,A-Gradient45-90,17,19.109806581035954,6.998596084641735,253.94219341896405,93.00140391535828
Low,A-Gradient45-90,18,24.414083153754888,8.941184519342428,248.63791684624516,91.05881548065756
Low,A-Gradient45-90,19,25.479055201836445,9.331209880109444,247.5729447981636,90.66879011989056
Low,A-Gradient45-90,1,23.792403893005297,8.713506545641597,249.25959610699476,91.2864934543584
Low,A-Gradient45-90,20,16.516443243070412,6.048827052382114,256.5355567569296,93.95117294761788
Low,A-Gradient45-90,21,16.81285972940415,6.157383842419812,256.2391402705959,93.8426161575802
Low,A-Gradient45-90,22,23.84550001681534,8.732951971351735,249.20649998318467,91.26704802864826
Low,A-Gradient45-90,23,11.886514901618892,4.353205580482432,261.1654850983811,95.64679441951756
Low,A-Gradient45-90,24,15.396649781906556,5.638724412165652,257.6553502180935,94.36127558783434
Low,A-Gradient45-90,25,28.389989678607854,10.397283183645554,244.66201032139216,89.60271681635444
Low,A-Gradient45-90,26,21.82095716613218,7.991502412043193,251.23104283386783,92.0084975879568
Low,A-Gradient45-90,27,24.925714179832298,9.12855946114011,248.1262858201677,90.87144053885989
Low,A-Gradient45-90,28,28.325392509318565,10.373625723055888,244.72660749068143,89.6263742769441
Low,A-Gradient45-90,29,15.075278793581546,5.521028519689123,257.97672120641846,94.47897148031088
Low,A-Gradient45-90,2,23.802945341895636,8.717367146878848,249.2490546581044,91.28263285312116
Low,A-Gradient45-90,30,33.6818185366062,12.3353128842148,239.3701814633938,87.66468711578518
Low,A-Gradient45-90,31,10.97980596165972,4.021141014041179,262.0721940383403,95.9788589859588
Low,A-Gradient45-90,32,14.223961660110572,5.209250128221208,258.8280383398895,94.7907498717788
Low,A-Gradient45-90,33,19.503155655069506,7.142652555216405,253.54884434493053,92.8573474447836
Low,A-Gradient45-90,34,14.980207912727291,5.486210653182284,258.07179208727274,94.51378934681772
Low,A-Gradient45-90,35,18.872004534484148,6.911505696528188,254.17999546551587,93.08849430347182
Low,A-Gradient45-90,36,20.419028645104,7.478073277289307,252.63297135489603,92.5219267227107
Low,A-Gradient45-90,37,11.17759252931109,4.093576508984036,261.87440747068894,95.90642349101596
Low,A-Gradient45-90,38,25.517058146313413,9.34512772157443,247.5349418536866,90.65487227842556
Low,A-Gradient45-90,39,21.620412724069443,7.918056899077626,251.43158727593055,92.08194310092236
Low,A-Gradient45-90,3,18.671605406697843,6.838113402098443,254.38039459330216,93.16188659790156
Low,A-Gradient45-90,40,14.248246785379736,5.218144084416059,258.80375321462026,94.78185591558392
Low,A-Gradient45-90,41,20.15502879445074,7.381388451449078,252.89697120554928,92.61861154855092
Low,A-Gradient45-90,42,17.746326563652634,6.499247968757831,255.30567343634735,93.50075203124216
Low,A-Gradient45-90,43,28.951968509041603,10.603097032448618,244.10003149095843,89.39690296755138
Low,A-Gradient45-90,44,21.236493859975173,7.777454060023427,251.81550614002484,92.22254593997656
Low,A-Gradient45-90,45,27.1931256801131,9.958954953676624,245.8588743198869,90.04104504632338
Low,A-Gradient45-90,46,27.684132086832424,10.138776528585186,245.3678679131676,89.86122347141482
Low,A-Gradient45-90,47,21.19132292858732,7.760911082353296,251.8606770714127,92.23908891764673
Low,A-Gradient45-90,48,23.595577790535263,8.64142280244615,249.4564222094648,91.35857719755384
Low,A-Gradient45-90,49,22.66526280701859,8.300712980318249,250.38673719298143,91.69928701968176
Low,A-Gradient45-90,4,22.365773062876123,8.191030669204444,250.6862269371239,91.80896933079556
Low,A-Gradient45-90,50,22.541434407992234,8.255363230444104,250.5105655920078,91.7446367695559
Low,A-Gradient45-90,52,23.39408445102117,8.56762977418996,249.65791554897885,91.43237022581005
Low,A-Gradient45-90,53,24.088942366102977,8.822108010966033,248.96305763389705,91.17789198903397
Low,A-Gradient45-90,54,24.90044781910747,9.119306146487654,248.15155218089257,90.88069385351235
Low,A-Gradient45-90,55,24.89659968695291,9.117896842708682,248.1554003130471,90.88210315729133
Low,A-Gradient45-90,56,25.170473919048877,9.218197969269175,247.88152608095115,90.78180203073082
Low,A-Gradient45-90,57,24.06787934093594,8.814394086450909,248.98412065906408,91.18560591354908
Low,A-Gradient45-90,58,23.70670466251063,8.682120864344752,249.3452953374894,91.31787913565526
Low,A-Gradient45-90,59,24.767738639449263,9.070703982922396,248.2842613605508,90.9292960170776
Low,A-Gradient45-90,5,28.25696212894488,10.348564423239852,244.79503787105517,89.65143557676015
Low,A-Gradient45-90,60,15.06438877817071,5.517040262723111,257.9876112218293,94.48295973727689
Low,A-Gradient45-90,61,27.18058376011536,9.954361718689244,245.87141623988467,90.04563828131076
Low,A-Gradient45-90,63,22.14745679693837,8.111076570374276,250.90454320306165,91.88892342962572
Low,A-Gradient45-90,64,17.06199984399593,6.2486265780862,255.9900001560041,93.7513734219138
Low,A-Gradient45-90,65,24.895464742860057,9.117481191443408,248.15653525714,90.8825188085566
Low,A-Gradient45-90,66,18.13807213759737,6.642717188519903,254.91392786240263,93.3572828114801
Low,A-Gradient45-90,67,28.377479428172556,10.392701547021282,244.67452057182743,89.60729845297871
Low,A-Gradient45-90,68,20.54326972249575,7.523574162612158,252.50873027750427,92.47642583738784
Low,A-Gradient45-90,69,18.099530517759405,6.6286020676499,254.95246948224064,93.37139793235008
Low,A-Gradient45-90,6,28.96853648422861,10.609164732076168,244.0834635157714,89.39083526792383
Low,A-Gradient45-90,70,21.664703501198,7.934277537318167,251.387296498802,92.06572246268183
Low,A-Gradient45-90,71,16.5069371758605,6.045345639607291,256.5450628241395,93.95465436039272
Low,A-Gradient45-90,72,19.76166719848369,7.237327394959088,253.29033280151637,92.76267260504092
Low,A-Gradient45-90,73,18.28617277725345,6.696956175839566,254.76582722274657,93.30304382416044
Low,A-Gradient45-90,74,13.328613648941875,4.881346281639349,259.72338635105814,95.11865371836063
Low,A-Gradient45-90,75,15.55196995581104,5.695607413903227,257.500030044189,94.30439258609678
Low,A-Gradient45-90,77,8.647992974731155,3.167159725887799,264.40400702526887,96.8328402741122
Low,A-Gradient45-90,78,17.891438452957708,6.552392384219015,255.1605615470423,93.44760761578098
Low,A-Gradient45-90,79,32.382199906171245,11.859352762906422,240.6698000938288,88.14064723709357
Low,A-Gradient45-90,7,21.73120271314371,7.958631584146502,251.3207972868563,92.0413684158535
Low,A-Gradient45-90,80,29.49173631011632,10.800776522463236,243.5602636898837,89.19922347753676
Low,A-Gradient45-90,81,15.06625234650432,5.517722758487144,257.9857476534957,94.48227724151286
Low,A-Gradient45-90,82,24.041416739970348,8.804702672007657,249.01058326002968,91.19529732799234
Low,A-Gradient45-90,83,22.751846664144423,8.332422638964161,250.3001533358556,91.66757736103584
Low,A-Gradient45-90,84,22.333572337611148,8.179237778009735,250.71842766238888,91.82076222199026
Low,A-Gradient45-90,85,16.115575854327698,5.9020171448397,256.93642414567233,94.0979828551603
Low,A-Gradient45-90,86,19.558436576971808,7.162898120860424,253.4935634230282,92.83710187913957
Low,A-Gradient45-90,87,26.599162715592268,9.741427535997635,246.45283728440776,90.25857246400236
Low,A-Gradient45-90,88,20.896587477790472,7.652969938982491,252.1554125222096,92.3470300610175
Low,A-Gradient45-90,89,15.327498016838916,5.6133989191944815,257.7245019831611,94.3866010808055
Low,A-Gradient45-90,8,19.89374611074894,7.285698735313763,253.15825388925109,92.71430126468624
Low,A-Gradient45-90,90,30.53586085494483,11.183166889436748,242.5161391450552,88.81683311056325
Low,A-Gradient45-90,91,22.94707765304299,8.403922202746358,250.10492234695704,91.59607779725364
Low,A-Gradient45-90,92,11.70409211640986,4.286396772925984,261.3479078835901,95.71360322707402
Low,A-Gradient45-90,93,28.67609051924947,10.502062068488591,244.37590948075052,89.4979379315114
Low,A-Gradient45-90,94,20.34873880259589,7.452330985525059,252.70326119740412,92.54766901447496
Low,A-Gradient45-90,95,20.094556616471568,7.359241688935282,252.95744338352844,92.64075831106472
Low,A-Gradient45-90,96,13.33960041761144,4.88536997261014,259.71239958238857,95.11463002738984
Low,A-Gradient45-90,97,21.3098134814186,7.804305949569533,251.74218651858143,92.19569405043048
Low,A-Gradient45-90,98,17.545914805565932,6.425851048725492,255.5060851944341,93.57414895127452
Low,A-Gradient45-90,99,30.360432540400023,11.11891967112492,242.6915674596,88.88108032887509
Low,A-Gradient45-90,9,19.57846450328069,7.170232960491295,253.4735354967193,92.82976703950872
Low,B-Gradient90-45,100,28.266715684992747,10.352136474002291,244.7852843150073,89.6478635259977
Low,B-Gradient90-45,10,20.81657946020628,7.623668554050613,252.23542053979372,92.3763314459494
Low,B-Gradient90-45,11,21.71653135957271,7.953258485406701,251.3354686404273,92.0467415145933
Low,B-Gradient90-45,12,33.979075074192004,12.44417732673337,239.072924925808,87.55582267326663
Low,B-Gradient90-45,13,23.857647373754418,8.737400705270211,249.1943526262456,91.26259929472978
Low,B-Gradient90-45,14,22.67896076995014,8.305729593612257,250.37303923004987,91.69427040638772
Low,B-Gradient90-45,15,20.0537912756382,7.344312173372909,252.99820872436183,92.6556878266271
Low,B-Gradient90-45,16,13.575661317637625,4.971822699572837,259.4763386823624,95.02817730042716
Low,B-Gradient90-45,17,25.55410585830631,9.358695727665904,247.4978941416937,90.64130427233408
Low,B-Gradient90-45,18,19.182997496923576,7.025400838273872,253.86900250307644,92.97459916172612
Low,B-Gradient90-45,19,22.04827312855368,8.074752475189225,251.00372687144636,91.92524752481076
Low,B-Gradient90-45,1,20.450617724267808,7.48964216496045,252.60138227573225,92.51035783503956
Low,B-Gradient90-45,20,23.066274468555797,8.447575724973921,249.98572553144425,91.55242427502608
Low,B-Gradient90-45,21,18.058176922587812,6.61345711534353,254.9938230774122,93.38654288465646
Low,B-Gradient90-45,22,28.54400842291042,10.45368956202863,244.5079915770896,89.54631043797137
Low,B-Gradient90-45,23,32.19378307096193,11.790348750773452,240.8582169290381,88.20965124922655
Low,B-Gradient90-45,24,35.34424208178724,12.944143270068423,237.7077579182128,87.05585672993158
Low,B-Gradient90-45,25,26.41403392472055,9.673627706341849,246.63796607527948,90.32637229365815
Low,B-Gradient90-45,26,25.32647194129216,9.275329219816063,247.72552805870785,90.72467078018394
Low,B-Gradient90-45,27,29.4726886437532,10.79380068402839,243.5793113562468,89.20619931597162
Low,B-Gradient90-45,28,25.92688836314468,9.495220091097917,247.1251116368553,90.5047799089021
Low,B-Gradient90-45,29,27.939552070214127,10.232319144417229,245.1124479297859,89.76768085558278
Low,B-Gradient90-45,2,23.832893303812448,8.728335007182677,249.2191066961876,91.2716649928173
Low,B-Gradient90-45,30,33.78056643866711,12.37147738843411,239.2714335613329,87.6285226115659
Low,B-Gradient90-45,31,23.8444778008292,8.732577604569531,249.2075221991708,91.26742239543046
Low,B-Gradient90-45,32,24.693889974062497,9.043658341291218,248.35811002593752,90.95634165870878
Low,B-Gradient90-45,33,22.174858762233104,8.121112008787009,250.8771412377669,91.878887991213
Low,B-Gradient90-45,34,33.637025460105306,12.318908288569688,239.41497453989476,87.68109171143031
Low,B-Gradient90-45,35,22.41554283034862,8.20925788141036,250.6364571696514,91.79074211858963
Low,B-Gradient90-45,36,16.870673190356747,6.1785569013802295,256.1813268096433,93.82144309861977
Low,B-Gradient90-45,37,21.316987594225655,7.8069333292653615,251.7350124057744,92.19306667073464
Low,B-Gradient90-45,38,16.69896020934063,6.11567035192587,256.3530397906594,93.88432964807414
Low,B-Gradient90-45,39,20.59457972292551,7.542365455270611,252.4574202770745,92.4576345447294
Low,B-Gradient90-45,3,22.96347538152017,8.409927552817837,250.08852461847985,91.59007244718217
Low,B-Gradient90-45,40,20.912371112485737,7.658750389114796,252.13962888751428,92.3412496108852
Low,B-Gradient90-45,41,27.52233870277358,10.07952283915649,245.52966129722645,89.9204771608435
Low,B-Gradient90-45,42,17.49082286850073,6.4056746951132855,255.56117713149928,93.59432530488672
Low,B-Gradient90-45,43,17.62782411454305,6.455848744760356,255.42417588545695,93.54415125523964
Low,B-Gradient90-45,44,26.676418445090334,9.769720948790098,246.37558155490967,90.23027905120988
Low,B-Gradient90-45,45,17.4489839185902,6.390351991045735,255.6030160814098,93.60964800895428
Low,B-Gradient90-45,46,32.07473148651419,11.74674841660716,240.97726851348585,88.25325158339284
Low,B-Gradient90-45,47,19.426071643311552,7.114422030716329,253.6259283566885,92.88557796928367
Low,B-Gradient90-45,48,25.64524388002144,9.392073260778696,247.40675611997855,90.60792673922133
Low,B-Gradient90-45,49,25.1612384183476,9.214815646231338,247.8907615816524,90.78518435376866
Low,B-Gradient90-45,4,27.31676879474448,10.00423684673413,245.73523120525556,89.99576315326586
Low,B-Gradient90-45,50,25.30894150913276,9.26890903898626,247.74305849086727,90.73109096101376
Low,B-Gradient90-45,51,21.04349488310624,7.706771927364106,252.0085051168938,92.29322807263588
Low,B-Gradient90-45,52,27.445298057728145,10.051308196873908,245.60670194227188,89.9486918031261
Low,B-Gradient90-45,53,21.20514997897673,7.765974971425492,251.84685002102327,92.23402502857452
Low,B-Gradient90-45,54,30.310601088148022,11.1006698680647,242.741398911852,88.8993301319353
Low,B-Gradient90-45,55,19.63946936611485,7.192574808503453,253.4125306338852,92.80742519149656
Low,B-Gradient90-45,56,26.95515365559057,9.871802314427498,246.09684634440944,90.1281976855725
Low,B-Gradient90-45,57,21.96292056694497,8.043493754649285,251.08907943305505,91.95650624535072
Low,B-Gradient90-45,58,27.756483450422373,10.165273812468822,245.29551654957768,89.83472618753117
Low,B-Gradient90-45,59,25.35329449321989,9.285152459319065,247.69870550678013,90.71484754068094
Low,B-Gradient90-45,5,21.445442042893912,7.853977280112913,251.6065579571061,92.14602271988709
Low,B-Gradient90-45,60,22.37525195368157,8.194502129148136,250.67674804631844,91.80549787085188
Low,B-Gradient90-45,61,16.33712863447559,5.983156554237137,256.71487136552446,94.01684344576287
Low,B-Gradient90-45,62,20.955592021637965,7.674579208955789,252.09640797836207,92.3254207910442
Low,B-Gradient90-45,63,21.99682624776212,8.055911052752633,251.0551737522379,91.94408894724737
Low,B-Gradient90-45,64,25.229817677790667,9.239931470119489,247.82218232220936,90.76006852988051
Low,B-Gradient90-45,65,16.033138696119092,5.871826134259808,257.0188613038809,94.1281738657402
Low,B-Gradient90-45,67,29.03450920005598,10.633325959910923,244.01749079994403,89.36667404008907
Low,B-Gradient90-45,68,12.350598713545676,4.523167277128779,260.7014012864544,95.47683272287124
Low,B-Gradient90-45,69,24.544048833002137,8.988781929083887,248.50795116699788,91.01121807091612
Low,B-Gradient90-45,6,31.06672041674905,11.377583909566328,241.98527958325096,88.62241609043367
Low,B-Gradient90-45,70,20.18320279259841,7.391706631923009,252.8687972074016,92.608293368077
Low,B-Gradient90-45,71,16.173492358875666,5.923227941518709,256.8785076411244,94.0767720584813
Low,B-Gradient90-45,72,21.92218912023576,8.028576652152614,251.12981087976425,91.97142334784738
Low,B-Gradient90-45,73,16.938643296715803,6.203449634764001,256.11335670328424,93.79655036523602
Low,B-Gradient90-45,74,19.97205010903377,7.31437605622144,253.07994989096625,92.68562394377857
Low,B-Gradient90-45,75,24.727422365226165,9.055938929297776,248.32457763477385,90.94406107070222
Low,B-Gradient90-45,76,30.12315322524204,11.032020723247602,242.928846774758,88.9679792767524
Low,B-Gradient90-45,77,24.426954863624108,8.945898533474981,248.62504513637592,91.054101466525
Low,B-Gradient90-45,78,25.83649613165415,9.46211568919259,247.21550386834588,90.5378843108074
Low,B-Gradient90-45,79,28.17156586464824,10.317289697437936,244.88043413535175,89.68271030256206
Low,B-Gradient90-45,7,28.16642469175011,10.315406842561163,244.8855753082499,89.68459315743884
Low,B-Gradient90-45,80,28.686587515061056,10.505906389647778,244.36541248493896,89.49409361035222
Low,B-Gradient90-45,81,29.125118529932536,10.66650986989018,243.92688147006749,89.33349013010982
Low,B-Gradient90-45,82,16.943154361174162,6.205101724643717,256.10884563882587,93.79489827535627
Low,B-Gradient90-45,83,28.880790462807923,10.577029453293848,244.1712095371921,89.42297054670615
Low,B-Gradient90-45,84,30.232389340991464,11.072026332343825,242.81961065900856,88.92797366765618
Low,B-Gradient90-45,85,30.59556415910512,11.205032066824309,242.4564358408949,88.79496793317568
Low,B-Gradient90-45,86,20.972922926388755,7.6809263167414095,252.07907707361127,92.3190736832586
Low,B-Gradient90-45,87,24.919520374628128,9.126291100093802,248.1324796253719,90.8737088999062
Low,B-Gradient90-45,88,23.37017822134484,8.558874581158475,249.6818217786552,91.44112541884152
Low,B-Gradient90-45,89,31.088848993453905,11.385688071669096,241.96315100654613,88.6143119283309
Low,B-Gradient90-45,8,23.81663947041674,8.722382355894386,249.2353605295833,91.27761764410562
Low,B-Gradient90-45,90,25.935334634091024,9.49831337404268,247.116665365909,90.50168662595732
Low,B-Gradient90-45,91,19.645630077505334,7.194831049582254,253.4063699224947,92.80516895041777
Low,B-Gradient90-45,92,15.485388468147931,5.671223235188876,257.5666115318521,94.32877676481114
Low,B-Gradient90-45,94,29.20002655248518,10.6939434805404,243.85197344751484,89.3060565194596
Low,B-Gradient90-45,95,31.495566695289604,11.534640542933069,241.5564333047104,88.46535945706694
Low,B-Gradient90-45,96,17.400304260732547,6.372524010346947,255.65169573926747,93.62747598965304
Low,B-Gradient90-45,97,22.762827944548373,8.3364443199641,250.28917205545164,91.6635556800359
Low,B-Gradient90-45,98,30.654517096614157,11.226622436976896,242.39748290338588,88.7733775630231
Low,B-Gradient90-45,99,18.347174388837143,6.719296833144288,254.70482561116287,93.2807031668557
Low,B-Gradient90-45,9,25.32932244791295,9.276373162589158,247.72267755208708,90.72362683741083
Low,C-Uniform90,100,12.292054757184689,4.5017266883907405,260.7599452428153,95.49827331160924
Low,C-Uniform90,10,9.897323846553231,3.624702930779936,263.1546761534468,96.37529706922008
Low,C-Uniform90,11,17.52503531749048,6.418204341111027,255.52696468250957,93.58179565888898
Low,C-Uniform90,12,7.516722853299033,2.7528539814024557,265.535277146701,97.24714601859756
Low,C-Uniform90,13,17.919834346653616,6.562791829634507,255.1321656533464,93.4372081703655
Low,C-Uniform90,14,14.384992079629674,5.268224396682563,258.66700792037034,94.73177560331744
Low,C-Uniform90,15,23.440554607410764,8.584648567822525,249.61144539258925,91.41535143217747
Low,C-Uniform90,16,20.08015570498812,7.353967634365659,252.9718442950119,92.64603236563434
Low,C-Uniform90,17,26.106448346071858,9.56098045283384,246.94555165392816,90.43901954716615
Low,C-Uniform90,18,12.46559409072186,4.565282104039473,260.58640590927814,95.43471789596052
Low,C-Uniform90,19,8.993248617211444,3.2936029097796187,264.05875138278856,96.70639709022038
Low,C-Uniform90,1,20.030175157544235,7.335663228082649,253.02182484245577,92.66433677191736
Low,C-Uniform90,20,10.747044433425422,3.935896618016137,262.3049555665746,96.06410338198388
Low,C-Uniform90,21,14.679183441131478,5.375966277899988,258.3728165588685,94.6240337221
Low,C-Uniform90,22,16.667619077187236,6.104192270039127,256.3843809228128,93.89580772996088
Low,C-Uniform90,23,12.50512810036802,4.579760668432393,260.546871899632,95.4202393315676
Low,C-Uniform90,24,20.347556645604428,7.45189804345122,252.7044433543956,92.5481019565488
Low,C-Uniform90,25,17.94394522827446,6.5716219724720775,255.1080547717256,93.42837802752793
Low,C-Uniform90,26,26.745376043626536,9.794975332034388,246.30662395637347,90.2050246679656
Low,C-Uniform90,27,17.705827602596514,6.484416009623264,255.3461723974035,93.51558399037674
Low,C-Uniform90,29,20.84719335774792,7.634880300363271,252.2048066422521,92.36511969963672
Low,C-Uniform90,2,26.91342241706583,9.856519057566262,246.1385775829342,90.14348094243374
Low,C-Uniform90,30,13.106813538896342,4.800116292463099,259.9451864611037,95.1998837075369
Low,C-Uniform90,31,15.19347039006614,5.564313899940722,257.8585296099339,94.43568610005929
Low,C-Uniform90,32,16.482893264300426,6.0365400232558,256.5691067356996,93.96345997674422
Low,C-Uniform90,33,13.617531631020007,4.9871568899037575,259.43446836898,95.01284311009624
Low,C-Uniform90,34,14.451961662767944,5.292750707838779,258.6000383372321,94.70724929216122
Low,C-Uniform90,35,15.52063228929611,5.684130601239365,257.53136771070393,94.31586939876064
Low,C-Uniform90,36,28.13888170724332,10.305319758596648,244.9131182927567,89.69468024140336
Low,C-Uniform90,37,13.85399457346512,5.073756857106016,259.1980054265349,94.92624314289398
Low,C-Uniform90,38,21.648653645048554,7.928399588740809,251.40334635495145,92.0716004112592
Low,C-Uniform90,39,11.730387538373458,4.296026961301678,261.32161246162656,95.70397303869832
Low,C-Uniform90,3,12.509175807943814,4.581243062839245,260.54282419205623,95.41875693716077
Low,C-Uniform90,40,8.142926244675788,2.982188830213948,264.90907375532424,97.01781116978606
Low,C-Uniform90,41,18.037909235459,6.606034467961779,255.01409076454104,93.39396553203822
Low,C-Uniform90,42,13.055658013541205,4.78138157330516,259.9963419864588,95.21861842669485
Low,C-Uniform90,43,14.576992128139397,5.3385406912014535,258.4750078718606,94.66145930879854
Low,C-Uniform90,44,23.327156763702504,8.543118806565234,249.72484323629752,91.45688119343475
Low,C-Uniform90,45,16.566408737756767,6.06712594588458,256.48559126224325,93.93287405411542
Low,C-Uniform90,46,21.025948351359368,7.700345850372591,252.02605164864065,92.2996541496274
Low,C-Uniform90,47,14.966959464488566,5.481358665927576,258.08504053551144,94.5186413340724
Low,C-Uniform90,48,16.30375041677573,5.970932429271982,256.74824958322426,94.029067570728
Low,C-Uniform90,49,16.16990839343114,5.921915383674589,256.8820916065689,94.0780846163254
Low,C-Uniform90,4,8.629175145866268,3.160268060979692,264.4228248541337,96.83973193902033
Low,C-Uniform90,50,22.623208966157737,8.285311576607288,250.4287910338423,91.71468842339272
Low,C-Uniform90,51,18.14200373464663,6.644157059698016,254.90999626535336,93.35584294030198
Low,C-Uniform90,52,23.80330443477268,8.717498657681567,249.2486955652273,91.28250134231844
Low,C-Uniform90,53,12.595590782194677,4.612890871407158,260.45640921780534,95.38710912859284
Low,C-Uniform90,54,13.97222663354465,5.117057056364594,259.07977336645536,94.8829429436354
Low,C-Uniform90,55,15.554101146004651,5.696387920983788,257.49789885399537,94.3036120790162
Low,C-Uniform90,56,16.072820469435406,5.886358814231504,256.97917953056464,94.1136411857685
Low,C-Uniform90,57,17.552273324181122,6.42817973286448,255.4997266758189,93.57182026713552
Low,C-Uniform90,58,20.508934143655196,7.510999422694282,252.54306585634484,92.48900057730572
Low,C-Uniform90,59,18.749327461692037,6.866577597560916,254.302672538308,93.1334224024391
Low,C-Uniform90,5,8.20218658586068,3.00389178100167,264.84981341413936,96.99610821899832
Low,C-Uniform90,60,11.93466917275538,4.370841148482846,261.11733082724464,95.62915885151716
Low,C-Uniform90,61,19.629689889667368,7.188993264897296,253.42231011033263,92.81100673510272
Low,C-Uniform90,62,10.624955647705647,3.8911839677811,262.4270443522944,96.1088160322189
Low,C-Uniform90,63,12.704401399600558,4.652740649986288,260.34759860039946,95.34725935001372
Low,C-Uniform90,64,17.488292571084717,6.404748022751973,255.5637074289153,93.59525197724804
Low,C-Uniform90,65,15.681481631496062,5.743038553644017,257.37051836850395,94.25696144635596
Low,C-Uniform90,66,14.42288776378859,5.282102956136043,258.6291122362114,94.71789704386396
Low,C-Uniform90,67,9.69144307917318,3.549303092148447,263.36055692082687,96.45069690785157
Low,C-Uniform90,68,17.49244652276331,6.406269327001198,255.5595534772367,93.5937306729988
Low,C-Uniform90,69,9.551501693733428,3.498052273461988,263.5004983062666,96.501947726538
Low,C-Uniform90,6,17.708886750807117,6.485536363332669,255.3431132491929,93.51446363666732
Low,C-Uniform90,70,24.540453771792297,8.987465307630888,248.5115462282077,91.0125346923691
Low,C-Uniform90,71,14.511829022635329,5.314675967447712,258.5401709773647,94.6853240325523
Low,C-Uniform90,72,14.866299695400114,5.444493977484184,258.1857003045999,94.5555060225158
Low,C-Uniform90,73,21.184991024808507,7.758592145382018,251.8670089751915,92.241407854618
Low,C-Uniform90,74,19.04730778629561,6.975707113039133,254.0046922137044,93.02429288696086
Low,C-Uniform90,75,15.355730872678748,5.6237386551568,257.6962691273213,94.3762613448432
Low,C-Uniform90,76,19.37753650550228,7.09664697768274,253.67446349449773,92.90335302231726
Low,C-Uniform90,77,17.80939981279138,6.522347323144081,255.24260018720864,93.47765267685593
Low,C-Uniform90,78,13.61008804821926,4.984430822048276,259.44191195178075,95.01556917795172
Low,C-Uniform90,79,17.959698387224787,6.577391261453784,255.09230161277523,93.42260873854622
Low,C-Uniform90,7,16.27802835684641,5.961512223622756,256.77397164315363,94.03848777637724
Low,C-Uniform90,80,20.89877292077003,7.653770315093839,252.15322707923,92.34622968490616
Low,C-Uniform90,81,12.687099337263112,4.646404105175246,260.3649006627369,95.35359589482476
Low,C-Uniform90,82,9.741361121893878,3.5675846072886763,263.31063887810615,96.43241539271132
Low,C-Uniform90,83,18.8948964878637,6.919889430534733,254.15710351213636,93.08011056946526
Low,C-Uniform90,84,21.990689702479813,8.053663662042327,251.0613102975202,91.94633633795767
Low,C-Uniform90,85,14.877048777246,5.448430620265005,258.17495122275403,94.551569379735
Low,C-Uniform90,86,17.237669287978765,6.312962105378743,255.81433071202125,93.68703789462126
Low,C-Uniform90,87,15.41466730724057,5.645322981424992,257.63733269275946,94.354677018575
Low,C-Uniform90,88,11.564671462294942,4.235336661989271,261.4873285377051,95.76466333801072
Low,C-Uniform90,89,12.681879688328468,4.644492509971898,260.37012031167154,95.3555074900281
Low,C-Uniform90,8,24.73706091789426,9.059468862302516,248.31493908210572,90.94053113769748
Low,C-Uniform90,90,8.119382816789322,2.9735665063025807,264.9326171832107,97.02643349369744
Low,C-Uniform90,92,15.80296543909587,5.787529642374298,257.24903456090414,94.2124703576257
Low,C-Uniform90,93,16.33723454393913,5.983195341524372,256.7147654560609,94.01680465847562
Low,C-Uniform90,94,27.033496462026704,9.900493848068024,246.0185035379733,90.09950615193198
Low,C-Uniform90,95,14.614310974980553,5.3522079951732815,258.4376890250195,94.64779200482673
Low,C-Uniform90,96,15.644602996196877,5.729532468612892,257.4073970038032,94.27046753138713
Low,C-Uniform90,97,13.089838039841243,4.793899345121531,259.9621619601588,95.20610065487848
Low,C-Uniform90,98,18.785826980818506,6.879944838645572,254.2661730191815,93.12005516135444
Low,C-Uniform90,99,13.427749489007,4.917652860629843,259.624250510993,95.08234713937016
Low,C-Uniform90,9,22.18541007630189,8.124976222954562,250.86658992369811,91.87502377704544
Low,D-Uniform70,100,19.31248716982421,7.072823919921557,253.7395128301758,92.92717608007844
Low,D-Uniform70,10,21.25529512702192,7.784339659486807,251.7967048729781,92.2156603405132
Low,D-Uniform70,11,20.55858549675264,7.529183267931618,252.49341450324735,92.4708167320684
Low,D-Uniform70,12,22.065396617162367,8.081023620834992,250.98660338283764,91.918976379165
Low,D-Uniform70,13,14.163777660831013,5.187208905567808,258.88822233916903,94.8127910944322
Low,D-Uniform70,14,21.70190075344109,7.947900309626404,251.35009924655893,92.0520996903736
Low,D-Uniform70,15,14.098983148987248,5.163479172094417,258.9530168510128,94.83652082790556
Low,D-Uniform70,16,27.143383677761182,9.940737909907703,245.90861632223883,90.05926209009229
Low,D-Uniform70,17,17.379051063688493,6.364740439069662,255.6729489363115,93.63525956093032
Low,D-Uniform70,18,24.931608852058964,9.130718270534173,248.12039114794104,90.86928172946584
Low,D-Uniform70,19,18.700904050265684,6.848843462148485,254.35109594973437,93.15115653785152
Low,D-Uniform70,1,21.73610120176064,7.960425560611399,251.31589879823937,92.0395744393886
Low,D-Uniform70,20,26.95088500482173,9.870239003860704,246.10111499517828,90.1297609961393
Low,D-Uniform70,21,18.176949996415928,6.656955450396235,254.87505000358408,93.34304454960376
Low,D-Uniform70,22,20.0791470371072,7.3535982293142705,252.97285296289283,92.64640177068574
Low,D-Uniform70,23,24.61146068511473,9.013470212675507,248.44053931488529,90.98652978732449
Low,D-Uniform70,24,15.95429159079651,5.842949910931437,257.0977084092035,94.15705008906856
Low,D-Uniform70,25,33.430940951455185,12.243433833648968,239.62105904854485,87.75656616635104
Low,D-Uniform70,26,22.19002923446133,8.126667900056155,250.86197076553867,91.87333209994384
Low,D-Uniform70,27,17.12857190540821,6.273007304618977,255.9234280945918,93.726992695381
Low,D-Uniform70,28,17.140085977400908,6.277224110206446,255.91191402259912,93.72277588979355
Low,D-Uniform70,29,24.562283436059403,8.995459998849817,248.48971656394065,91.00454000115018
Low,D-Uniform70,2,25.141558505947987,9.207608259946086,247.91044149405204,90.79239174005392
Low,D-Uniform70,30,15.91710360674878,5.829330532920022,257.13489639325127,94.17066946708
Low,D-Uniform70,31,29.976533419957377,10.978324062800263,243.07546658004264,89.02167593719975
Low,D-Uniform70,32,24.10067533941946,8.826404984918424,248.95132466058053,91.17359501508156
Low,D-Uniform70,33,31.042154375017827,11.368587073164754,242.0098456249822,88.63141292683525
Low,D-Uniform70,34,22.30687795090711,8.169461476534547,250.7451220490929,91.83053852346544
Low,D-Uniform70,35,22.95763430722855,8.407788372628126,250.09436569277148,91.59221162737188
Low,D-Uniform70,36,17.858990820679182,6.540509068118593,255.1930091793208,93.4594909318814
Low,D-Uniform70,37,17.81200371600066,6.523300952199822,255.23999628399932,93.47669904780015
Low,D-Uniform70,38,27.72976007943835,10.155486896063149,245.32223992056169,89.84451310393685
Low,D-Uniform70,39,17.24764637293631,6.316616019269702,255.8043536270637,93.6833839807303
Low,D-Uniform70,3,16.434933900297704,6.018975836213506,256.6170660997023,93.98102416378649
Low,D-Uniform70,40,12.848534946128767,4.705526766377382,260.20346505387124,95.2944732336226
Low,D-Uniform70,41,25.605526502048264,9.377527541291863,247.44647349795176,90.62247245870812
Low,D-Uniform70,42,17.544735983960166,6.425419328171983,255.50726401603987,93.57458067182802
Low,D-Uniform70,43,25.047799156360288,9.173270716332524,248.0042008436397,90.82672928366748
Low,D-Uniform70,44,19.963644786714227,7.311297769917167,253.0883552132858,92.68870223008284
Low,D-Uniform70,45,17.28139584879718,6.328976110336924,255.77060415120283,93.67102388966308
Low,D-Uniform70,46,14.683757199547978,5.377641328226117,258.36824280045204,94.62235867177388
Low,D-Uniform70,47,19.33015917581749,7.079295949422634,253.7218408241825,92.92070405057736
Low,D-Uniform70,48,15.085393671263471,5.524732897493324,257.96660632873653,94.47526710250666
Low,D-Uniform70,49,25.673786473470013,9.402526432133811,247.37821352653,90.5974735678662
Low,D-Uniform70,4,16.37756756785591,5.997966529399495,256.6744324321441,94.0020334706005
Low,D-Uniform70,50,27.487260520339767,10.066676135073086,245.56473947966023,89.93332386492692
Low,D-Uniform70,51,28.118620644768825,10.297899537366078,244.9333793552312,89.70210046263392
Low,D-Uniform70,52,27.908625408344253,10.220992854234453,245.14337459165577,89.77900714576556
Low,D-Uniform70,53,24.528099739469827,8.982940882861076,248.52390026053016,91.01705911713891
Low,D-Uniform70,54,19.067897467975754,6.983247684681215,253.98410253202428,93.01675231531878
Low,D-Uniform70,55,23.19657586994631,8.495296086440058,249.8554241300537,91.50470391355994
Low,D-Uniform70,56,24.10298172426713,8.827249653643676,248.9490182757329,91.17275034635632
Low,D-Uniform70,57,22.439975807193463,8.21820598537768,250.61202419280656,91.78179401462232
Low,D-Uniform70,58,18.58131741603232,6.805047176373848,254.4706825839677,93.19495282362614
Low,D-Uniform70,59,22.55898391295532,8.261790396318398,250.4930160870447,91.7382096036816
Low,D-Uniform70,5,18.744939319595986,6.864970525612697,254.30706068040405,93.13502947438732
Low,D-Uniform70,60,30.97184531064387,11.34283774176489,242.08015468935616,88.65716225823512
Low,D-Uniform70,61,23.630520757863117,8.654219986619074,249.4214792421369,91.34578001338092
Low,D-Uniform70,62,18.030493180925287,6.603318481800274,255.02150681907477,93.39668151819971
Low,D-Uniform70,63,21.473138424194467,7.864120542678488,251.57886157580555,92.13587945732152
Low,D-Uniform70,64,24.7301968778378,9.056955040738686,248.32180312216224,90.94304495926131
Low,D-Uniform70,65,25.809467018677584,9.452216800711067,247.24253298132243,90.54778319928892
Low,D-Uniform70,66,22.50631511505357,8.242501470435512,250.54568488494644,91.75749852956449
Low,D-Uniform70,67,30.36219453806281,11.119564968600413,242.68980546193723,88.88043503139959
Low,D-Uniform70,68,22.300929997074345,8.167283153785485,250.75107000292567,91.83271684621452
Low,D-Uniform70,69,30.09615016575701,11.022131376352124,242.95584983424305,88.97786862364788
Low,D-Uniform70,6,17.716326440208086,6.48826100530598,255.33567355979196,93.511738994694
Low,D-Uniform70,70,31.19709893497425,11.425332513577722,241.85490106502576,88.57466748642227
Low,D-Uniform70,71,24.738923396527117,9.060150958984776,248.3130766034729,90.93984904101522
Low,D-Uniform70,72,17.278643020256805,6.327967940266617,255.77335697974323,93.6720320597334
Low,D-Uniform70,73,35.96985165134725,13.173260643154874,237.0821483486528,86.82673935684512
Low,D-Uniform70,74,31.54941751596973,11.554362361736857,241.50258248403028,88.44563763826314
Low,D-Uniform70,75,23.017502378055745,8.429713892612302,250.03449762194427,91.5702861073877
Low,D-Uniform70,76,17.645583138261447,6.462352642815818,255.40641686173856,93.53764735718418
Low,D-Uniform70,77,22.28128292346732,8.160087794071208,250.77071707653272,91.8399122059288
Low,D-Uniform70,78,21.616362163599938,7.916573459853778,251.43563783640008,92.08342654014622
Low,D-Uniform70,79,27.689368045075305,10.140694096756407,245.36263195492472,89.8593059032436
Low,D-Uniform70,7,17.637369709566112,6.459344633830227,255.4146302904339,93.54065536616976
Low,D-Uniform70,80,21.27232897613152,7.790577976404318,251.7796710238685,92.20942202359568
Low,D-Uniform70,81,23.988939695669547,8.785483972162645,249.0630603043305,91.21451602783736
Low,D-Uniform70,82,21.2608451267202,7.786372239251205,251.79115487327985,92.2136277607488
Low,D-Uniform70,83,23.763783127129926,8.70302474515108,249.2882168728701,91.29697525484892
Low,D-Uniform70,84,13.64506713770852,4.997241235262337,259.4069328622915,95.00275876473768
Low,D-Uniform70,85,17.25218451904466,6.318278027278562,255.79981548095537,93.68172197272143
Low,D-Uniform70,86,20.099061600508364,7.36089155197851,252.95293839949164,92.63910844802147
Low,D-Uniform70,87,12.594293533047653,4.612415779063201,260.45770646695235,95.3875842209368
Low,D-Uniform70,88,25.14616484677753,9.209295242949157,247.90583515322248,90.79070475705085
Low,D-Uniform70,89,14.251587370945998,5.2193675090993645,258.800412629054,94.78063249090064
Low,D-Uniform70,8,22.51679530333782,8.246339636163741,250.5352046966622,91.75366036383625
Low,D-Uniform70,90,19.922644673700333,7.296282273596359,253.12935532629967,92.70371772640364
Low,D-Uniform70,91,26.32366770209595,9.640532829679309,246.72833229790407,90.3594671703207
Low,D-Uniform70,92,25.53073101435624,9.35013514435208,247.5212689856438,90.64986485564792
Low,D-Uniform70,94,33.296630075059525,12.19424507971358,239.7553699249405,87.80575492028643
Low,D-Uniform70,95,20.183465783956237,7.391802947407905,252.8685342160438,92.6081970525921
Low,D-Uniform70,96,27.17278186499797,9.951504425896156,245.87921813500205,90.04849557410385
Low,D-Uniform70,97,25.53408504263309,9.35136349216746,247.5179149573669,90.64863650783256
Low,D-Uniform70,98,24.54629108100229,8.98960310893247,248.50570891899773,91.01039689106751
Low,D-Uniform70,99,12.023719528700012,4.403454114491017,261.02828047130004,95.596545885509
Low,D-Uniform70,9,17.93046972407845,6.566686830376063,255.1215302759216,93.43331316962391
Low,E-Uniform50,100,36.97287038367213,13.540596803419172,236.0791296163279,86.45940319658082
Low,E-Uniform50,10,32.04809079331498,11.736991779336892,241.00390920668505,88.26300822066311
Low,E-Uniform50,11,24.49942234588108,8.972438343568651,248.55257765411892,91.02756165643136
Low,E-Uniform50,12,34.62416652959498,12.680429562718814,238.42783347040503,87.31957043728119
Low,E-Uniform50,13,44.53132148619084,16.308732946907856,228.5206785138092,83.69126705309215
Low,E-Uniform50,14,35.21803242687624,12.897921431403631,237.83396757312377,87.10207856859637
Low,E-Uniform50,15,29.83458653192301,10.926338767679052,243.217413468077,89.07366123232094
Low,E-Uniform50,16,40.453528067154,14.815320183391442,232.598471932846,85.18467981660855
Low,E-Uniform50,17,29.89282814458481,10.947668628900288,243.1591718554152,89.05233137109971
Low,E-Uniform50,18,31.526288412670127,11.545891776170883,241.5257115873299,88.45410822382912
Low,E-Uniform50,19,21.62295102735812,7.918986503434554,251.4290489726419,92.08101349656545
Low,E-Uniform50,1,25.735241646751827,9.425033197615042,247.3167583532482,90.57496680238496
Low,E-Uniform50,20,25.70508226844192,9.413987910157008,247.3469177315581,90.586012089843
Low,E-Uniform50,21,38.39930007285957,14.062999015886923,234.65269992714045,85.93700098411307
Low,E-Uniform50,22,36.32858761401332,13.304640732905568,236.7234123859867,86.69535926709443
Low,E-Uniform50,23,42.53676770079947,15.578266301217155,230.51523229920053,84.42173369878284
Low,E-Uniform50,24,43.79440990116482,16.038853369015722,229.2575900988352,83.96114663098427
Low,E-Uniform50,25,28.42775607525378,10.41111439405453,244.62424392474625,89.58888560594548
Low,E-Uniform50,26,32.02056289484943,11.726910220342434,241.0314371051506,88.27308977965757
Low,E-Uniform50,27,35.57142121472826,13.027343222070616,237.48057878527172,86.97265677792939
Low,E-Uniform50,28,40.91900400831767,14.985791720374753,232.13299599168235,85.01420827962525
Low,E-Uniform50,29,22.05568211843398,8.077465874058413,250.99631788156603,91.92253412594158
Low,E-Uniform50,2,32.04888323201412,11.737281994643554,241.0031167679859,88.26271800535645
Low,E-Uniform50,30,34.20542734805377,12.52707445763216,238.84657265194625,87.47292554236785
Low,E-Uniform50,31,28.53534494796485,10.450516732331147,244.5166550520352,89.54948326766885
Low,E-Uniform50,32,35.303015341532955,12.92904477591556,237.74898465846707,87.07095522408444
Low,E-Uniform50,33,39.36488062220558,14.41662416763312,233.68711937779443,85.58337583236688
Low,E-Uniform50,34,29.538322617603352,10.817837854182848,243.51367738239668,89.18216214581716
Low,E-Uniform50,35,33.33524093360144,12.208385557916234,239.7167590663986,87.79161444208377
Low,E-Uniform50,36,29.05946808382797,10.64246666709197,243.99253191617208,89.35753333290803
Low,E-Uniform50,37,44.80415510996845,16.408652970851136,228.2478448900316,83.59134702914885
Low,E-Uniform50,38,26.871616342234866,9.841208393359093,246.1803836577652,90.1587916066409
Low,E-Uniform50,39,29.000096065528425,10.62072281672664,244.0519039344716,89.37927718327336
Low,E-Uniform50,3,25.03821471267848,9.169760599694738,248.01378528732155,90.83023940030526
Low,E-Uniform50,40,37.26810902930637,13.648722232141267,235.78389097069365,86.35127776785873
Low,E-Uniform50,41,35.1470973385115,12.87194283085694,237.9049026614885,87.12805716914305
Low,E-Uniform50,42,42.91731614415495,15.71763478903467,230.13468385584508,84.28236521096534
Low,E-Uniform50,43,31.461122290596894,11.522025947657182,241.59087770940312,88.47797405234282
Low,E-Uniform50,44,34.40255812194012,12.599269780825672,238.64944187805992,87.40073021917432
Low,E-Uniform50,45,31.451077915293784,11.518347389982049,241.60092208470624,88.48165261001796
Low,E-Uniform50,46,29.235009762790853,10.706755402923564,243.81699023720915,89.29324459707642
Low,E-Uniform50,47,34.93463746974763,12.794133523924977,238.1173625302524,87.20586647607502
Low,E-Uniform50,48,26.507664298461357,9.707918015052574,246.54433570153867,90.29208198494744
Low,E-Uniform50,49,28.4532647916523,10.420456466772738,244.59873520834773,89.57954353322727
Low,E-Uniform50,4,30.269173045866538,11.085497650948,242.7828269541335,88.914502349052
Low,E-Uniform50,50,47.52623867745686,17.405563291042313,225.5257613225432,82.59443670895769
Low,E-Uniform50,51,37.06769387925236,13.575324069866676,235.98430612074765,86.42467593013332
Low,E-Uniform50,52,36.006439804198386,13.18666034462241,237.04556019580164,86.8133396553776
Low,E-Uniform50,53,42.54848931676408,15.582559115759665,230.50351068323596,84.41744088424034
Low,E-Uniform50,54,35.590342024266455,13.03427260165333,237.4616579757336,86.96572739834667
Low,E-Uniform50,55,26.543789363779243,9.72114811969121,246.5082106362208,90.2788518803088
Low,E-Uniform50,56,30.825589572970102,11.289274414020078,242.22641042702992,88.71072558597992
Low,E-Uniform50,57,34.203233747899155,12.52627109411363,238.8487662521009,87.47372890588636
Low,E-Uniform50,58,41.22339926211937,15.097270579274047,231.82860073788063,84.90272942072596
Low,E-Uniform50,59,33.301101685359,12.195882720272696,239.750898314641,87.80411727972731
Low,E-Uniform50,5,34.30733997270972,12.564397980131886,238.7446600272903,87.43560201986811
Low,E-Uniform50,60,23.736352880169832,8.692978949126843,249.3156471198302,91.30702105087316
Low,E-Uniform50,61,31.37070470022307,11.488912258552608,241.68129529977696,88.5110877414474
Low,E-Uniform50,62,40.76224227535104,14.928380775585252,232.28975772464895,85.07161922441475
Low,E-Uniform50,63,35.18849505565941,12.887103941981527,237.8635049443406,87.11289605801846
Low,E-Uniform50,64,34.631408941667374,12.68308195569612,238.42059105833263,87.31691804430388
Low,E-Uniform50,65,32.21491813860392,11.798089059447989,240.8370818613961,88.20191094055201
Low,E-Uniform50,66,36.6645544854668,13.427682084535835,236.38744551453323,86.57231791546415
Low,E-Uniform50,67,37.53494558510107,13.746445946230413,235.51705441489892,86.25355405376959
Low,E-Uniform50,68,30.867211518573896,11.304517644468412,242.18478848142607,88.69548235553158
Low,E-Uniform50,69,36.05782547320689,13.20547934943047,236.99417452679316,86.79452065056952
Low,E-Uniform50,6,32.03038876217026,11.730508753706347,241.02161123782972,88.26949124629364
Low,E-Uniform50,70,37.50178635200332,13.734302020129247,235.5502136479967,86.26569797987077
Low,E-Uniform50,71,30.391707288624836,11.130373441185132,242.6602927113752,88.86962655881486
Low,E-Uniform50,72,30.13206838928569,11.035285729196522,242.91993161071437,88.96471427080348
Low,E-Uniform50,73,25.818041343189066,9.45535698079086,247.23395865681096,90.54464301920912
Low,E-Uniform50,74,40.49153090851649,14.829237987092746,232.56046909148355,85.17076201290725
Low,E-Uniform50,75,26.154736472582822,9.578665042769446,246.8972635274172,90.42133495723054
Low,E-Uniform50,76,26.993854039032247,9.885975579388631,246.05814596096775,90.11402442061136
Low,E-Uniform50,77,27.284999042414636,9.992601791019524,245.7670009575854,90.00739820898048
Low,E-Uniform50,78,32.794779270515846,12.010451954395442,240.25722072948415,87.98954804560456
Low,E-Uniform50,79,30.99819700992562,11.352488540617031,242.0538029900744,88.64751145938298
Low,E-Uniform50,7,27.667930755662084,10.132843105218816,245.38406924433792,89.86715689478117
Low,E-Uniform50,80,23.487030991064355,8.601669642069771,249.5649690089357,91.39833035793022
Low,E-Uniform50,81,28.021359927692057,10.26227968580785,245.030640072308,89.73772031419215
Low,E-Uniform50,82,26.106836688696404,9.561122675789374,246.9451633113036,90.43887732421062
Low,E-Uniform50,83,27.1886242414968,9.9573063890749,245.8633757585032,90.0426936109251
Low,E-Uniform50,84,41.59827899595485,15.234563012156968,231.4537210040452,84.76543698784303
Low,E-Uniform50,85,30.76971365422782,11.268810942321544,242.2822863457722,88.73118905767846
Low,E-Uniform50,86,32.704864721547885,11.977522494450833,240.34713527845213,88.02247750554916
Low,E-Uniform50,87,31.513064650224187,11.54104882960908,241.53893534977584,88.45895117039092
Low,E-Uniform50,88,32.17682706301416,11.784138941671973,240.87517293698585,88.21586105832803
Low,E-Uniform50,89,30.078889168334893,11.015809870769996,242.97311083166517,88.98419012923002
Low,E-Uniform50,8,38.91172990232647,14.250666503935683,234.14027009767355,85.74933349606432
Low,E-Uniform50,91,38.40944289562526,14.066713628036146,234.6425571043748,85.93328637196386
Low,E-Uniform50,92,20.499453506361323,7.507527323133075,252.5525464936387,92.49247267686692
Low,E-Uniform50,93,34.913228600374154,12.786292940675825,238.13877139962585,87.21370705932418
Low,E-Uniform50,94,20.311975298288907,7.43886706498722,252.74002470171112,92.56113293501278
Low,E-Uniform50,95,34.790082828595565,12.741193189793728,238.2619171714045,87.25880681020628
Low,E-Uniform50,96,38.72703102019203,14.183024120018176,234.324968979808,85.81697587998181
Low,E-Uniform50,97,40.348242216008586,14.776761282103257,232.70375778399145,85.22323871789675
Low,E-Uniform50,98,30.108444926205465,11.026634093947475,242.94355507379456,88.97336590605252
Low,E-Uniform50,99,26.73045390161448,9.789510386891315,246.32154609838557,90.21048961310868
Low,E-Uniform50,9,30.497877726276624,11.169256305127456,242.5541222737234,88.83074369487255
Low,F-Uniform30,100,57.35023403910692,21.00341108620589,215.7017659608931,78.99658891379411
Low,F-Uniform30,10,57.70715445789474,21.134126268218047,215.34484554210528,78.86587373178196
Low,F-Uniform30,11,62.08348456511537,22.73687230458497,210.96851543488464,77.26312769541502
Low,F-Uniform30,12,60.75234252324013,22.249367345135767,212.2996574767599,77.75063265486423
Low,F-Uniform30,13,46.849291669374686,17.157644576628144,226.2027083306253,82.84235542337186
Low,F-Uniform30,14,71.88635868283023,26.32698485373857,201.1656413171698,73.67301514626143
Low,F-Uniform30,15,60.61947703037797,22.20070793489078,212.43252296962208,77.79929206510923
Low,F-Uniform30,16,65.81160744718765,24.10222501471795,207.24039255281235,75.89777498528206
Low,F-Uniform30,17,54.18830434946524,19.8454156532328,218.8636956505348,80.1545843467672
Low,F-Uniform30,18,51.86092087439046,18.99305658789917,221.1910791256096,81.00694341210082
Low,F-Uniform30,19,68.81198727389639,25.20105594315236,204.24001272610363,74.79894405684763
Low,F-Uniform30,1,56.507257291243256,20.69468719923064,216.5447427087568,79.30531280076936
Low,F-Uniform30,20,57.03954917068682,20.88962877792025,216.0124508293132,79.11037122207975
Low,F-Uniform30,21,52.404458798982425,19.19211681254209,220.6475412010176,80.8078831874579
Low,F-Uniform30,22,52.00271049878519,19.04498428826201,221.04928950121484,80.955015711738
Low,F-Uniform30,23,52.31018523146141,19.15759094658212,220.7418147685386,80.84240905341787
Low,F-Uniform30,24,60.09075445700529,22.00707354533396,212.96124554299476,77.99292645466605
Low,F-Uniform30,25,56.841643499639495,20.81714966366827,216.2103565003605,79.18285033633173
Low,F-Uniform30,26,63.33297604056708,23.19447432744205,209.71902395943292,76.80552567255795
Low,F-Uniform30,27,54.04299046928852,19.792197262531868,219.0090095307115,80.20780273746813
Low,F-Uniform30,28,59.96835957891673,21.96224879470457,213.0836404210833,78.03775120529542
Low,F-Uniform30,29,61.54216164131032,22.53862328102717,211.5098383586897,77.46137671897283
Low,F-Uniform30,2,62.80103416940865,22.99966093249954,210.25096583059135,77.00033906750046
Low,F-Uniform30,30,50.098606725377095,18.34764320546163,222.95339327462293,81.65235679453838
Low,F-Uniform30,31,63.4708763446063,23.24497763964604,209.58112365539367,76.75502236035396
Low,F-Uniform30,32,62.95651480942389,23.05660270183844,210.0954851905761,76.94339729816157
Low,F-Uniform30,33,65.91876611787704,24.14146979984656,207.13323388212297,75.85853020015342
Low,F-Uniform30,34,61.89672828066374,22.668476436965754,211.15527171933627,77.33152356303424
Low,F-Uniform30,35,63.40684488765448,23.221527360229725,209.64515511234555,76.77847263977029
Low,F-Uniform30,36,69.94971798127193,25.617727751956377,203.1022820187281,74.38227224804362
Low,F-Uniform30,37,58.32527151588867,21.36049965423753,214.72672848411133,78.63950034576246
Low,F-Uniform30,38,61.70145042418436,22.59695970884093,211.35054957581565,77.40304029115906
Low,F-Uniform30,39,58.40454072411631,21.389530464569496,214.6474592758837,78.61046953543051
Low,F-Uniform30,3,55.97645937815547,20.500292756747967,217.0755406218445,79.49970724325203
Low,F-Uniform30,40,62.22856001001128,22.79000337298803,210.82343998998877,77.20999662701196
Low,F-Uniform30,41,63.56439306172854,23.27922632382423,209.48760693827148,76.72077367617577
Low,F-Uniform30,42,59.01473043758747,21.613000614383875,214.03726956241252,78.38699938561612
Low,F-Uniform30,43,68.33601018208245,25.026738563380764,204.7159898179176,74.97326143661923
Low,F-Uniform30,44,60.59582993453545,22.192047644600827,212.45617006546456,77.80795235539917
Low,F-Uniform30,45,69.24074679277791,25.35808080247642,203.8112532072221,74.64191919752359
Low,F-Uniform30,46,57.98365564641615,21.23538946662766,215.06834435358388,78.76461053337235
Low,F-Uniform30,47,66.46082679574292,24.33998901152268,206.5911732042571,75.66001098847732
Low,F-Uniform30,48,65.6316509053534,24.036319420972337,207.4203490946466,75.96368057902765
Low,F-Uniform30,49,55.28279083382788,20.24625010394645,217.76920916617212,79.75374989605355
Low,F-Uniform30,4,57.85065100106486,21.18667909448195,215.20134899893517,78.81332090551805
Low,F-Uniform30,50,63.53110099133731,23.267033748640294,209.5208990086627,76.7329662513597
Low,F-Uniform30,51,55.87456802826763,20.462977025719507,217.1774319717324,79.5370229742805
Low,F-Uniform30,52,55.18764980376948,20.21140654665393,217.86435019623053,79.78859345334607
Low,F-Uniform30,53,69.54866701101672,25.470850611245005,203.5033329889833,74.52914938875499
Low,F-Uniform30,54,64.49333163150423,23.619432061110786,208.55866836849577,76.38056793888921
Low,F-Uniform30,55,60.469385532981406,22.1457398345302,212.58261446701863,77.8542601654698
Low,F-Uniform30,56,60.76088347322507,22.252495302442416,212.2911165267749,77.74750469755757
Low,F-Uniform30,57,52.064291626341976,19.06753718205396,220.98770837365805,80.93246281794605
Low,F-Uniform30,58,53.994173080303234,19.77431884047845,219.0578269196968,80.22568115952154
Low,F-Uniform30,59,63.6748130924672,23.319665518826888,209.37718690753283,76.68033448117312
Low,F-Uniform30,5,55.24337305064785,20.231814105242897,217.80862694935217,79.76818589475711
Low,F-Uniform30,60,58.839719049671785,21.54890608736496,214.21228095032825,78.45109391263505
Low,F-Uniform30,61,49.18759204545636,18.014001745255978,223.86440795454365,81.98599825474402
Low,F-Uniform30,62,61.788902160804334,22.628987211521736,211.2630978391957,77.37101278847827
Low,F-Uniform30,63,65.35646189155243,23.93553678110852,207.6955381084476,76.06446321889148
Low,F-Uniform30,64,58.999560270327706,21.60744483480352,214.0524397296723,78.39255516519647
Low,F-Uniform30,65,68.98947715445924,25.26605817004059,204.0625228455408,74.73394182995942
Low,F-Uniform30,66,67.35205563586521,24.66638429158739,205.6999443641348,75.33361570841261
Low,F-Uniform30,67,57.65092025180541,21.11353158072653,215.4010797481946,78.88646841927347
Low,F-Uniform30,68,50.04549456224493,18.3281919056608,223.0065054377551,81.6718080943392
Low,F-Uniform30,69,57.63660386855838,21.10828848298433,215.41539613144164,78.89171151701568
Low,F-Uniform30,6,65.64547304345209,24.04138151101332,207.40652695654796,75.95861848898669
Low,F-Uniform30,70,57.33059616993335,20.99621909743688,215.72140383006663,79.00378090256311
Low,F-Uniform30,71,64.77919083031786,23.724122449320223,208.27280916968212,76.27587755067977
Low,F-Uniform30,72,60.724543158856,22.239186367012877,212.32745684114403,77.76081363298712
Low,F-Uniform30,73,50.61627735803838,18.53723003605115,222.43572264196163,81.46276996394886
Low,F-Uniform30,74,62.85446115960119,23.01922753160613,210.19753884039883,76.98077246839387
Low,F-Uniform30,75,60.26557086308547,22.07109666403669,212.7864291369145,77.92890333596331
Low,F-Uniform30,76,48.08136683809749,17.608868214881227,224.97063316190253,82.39113178511877
Low,F-Uniform30,77,55.96050053875945,20.494448141291567,217.09149946124057,79.50555185870843
Low,F-Uniform30,78,50.9145765669657,18.64647633672916,222.13742343303431,81.35352366327085
Low,F-Uniform30,79,62.9409463312217,23.050901048599425,210.1110536687783,76.94909895140057
Low,F-Uniform30,7,55.60244617930926,20.363317675501097,217.4495538206908,79.6366823244989
Low,F-Uniform30,80,55.13293436486659,20.19136807819265,217.91906563513345,79.80863192180735
Low,F-Uniform30,81,55.79421933194217,20.43355087380505,217.25778066805785,79.56644912619495
Low,F-Uniform30,82,61.73305480435962,22.60853420021081,211.3189451956404,77.39146579978919
Low,F-Uniform30,83,55.32216336405649,20.260669529634097,217.7298366359435,79.7393304703659
Low,F-Uniform30,84,67.07327789162721,24.564287348793343,205.9787221083728,75.43571265120666
Low,F-Uniform30,85,58.86388455623329,21.55775623552777,214.18811544376672,78.44224376447222
Low,F-Uniform30,86,62.93338823560597,23.048133042646075,210.11861176439405,76.95186695735391
Low,F-Uniform30,87,57.73320203030436,21.143665686500867,215.31879796969565,78.85633431349912
Low,F-Uniform30,88,56.81369003847436,20.80691225058756,216.2383099615257,79.19308774941244
Low,F-Uniform30,89,69.20731419160524,25.34583676061894,203.8446858083948,74.65416323938105
Low,F-Uniform30,8,50.24379209179351,18.40081453048998,222.8082079082065,81.59918546951002
Low,F-Uniform30,90,56.125208493179,20.55476923559578,216.92679150682105,79.44523076440422
Low,F-Uniform30,91,63.33932252944888,23.196798605924464,209.71267747055117,76.80320139407554
Low,F-Uniform30,92,52.15637130719769,19.101259579566413,220.89562869280235,80.8987404204336
Low,F-Uniform30,93,67.50245739457031,24.72146601913566,205.5495426054297,75.27853398086434
Low,F-Uniform30,94,50.19130887729688,18.3815935709304,222.86069112270317,81.6184064290696
Low,F-Uniform30,95,63.95584560060222,23.42258822517404,209.0961543993978,76.57741177482595
Low,F-Uniform30,96,64.62772778488153,23.66865204608702,208.4242722151185,76.33134795391298
Low,F-Uniform30,97,57.717988738349625,21.13809411333725,215.3340112616504,78.86190588666275
Low,F-Uniform30,98,57.00727380349747,20.877808550568197,216.04472619650252,79.12219144943181
Low,F-Uniform30,99,56.70633245594469,20.767594617854726,216.34566754405532,79.23240538214527
Low,F-Uniform30,9,54.40210030500351,19.923714276036616,218.6498996949965,80.07628572396338
Low,control,10,17.417300717949217,6.378748633208772,255.6346992820508,93.62125136679124
Low,control,11,14.627671678627935,5.357101093794565,258.42432832137206,94.64289890620545
Low,control,12,21.77960766986272,7.97635896088024,251.2723923301373,92.02364103911977
Low,control,13,16.922800448351612,6.197647498773717,256.1291995516484,93.80235250122628
Low,control,14,19.51786975349513,7.14804130843031,253.5341302465049,92.85195869156968
Low,control,15,18.596664139681693,6.810667616308136,254.4553358603183,93.18933238369186
Low,control,16,22.625655639222977,8.286207623171768,250.42634436077705,91.71379237682824
Low,control,17,29.84024229204627,10.928410080148202,243.21175770795372,89.0715899198518
Low,control,18,26.700679817900053,9.77860620610728,246.3513201821,90.22139379389272
Low,control,19,19.880946253348952,7.28101103575471,253.17105374665107,92.71898896424528
Low,control,1,25.58229641181899,9.36901997122123,247.46970358818103,90.63098002877878
Low,control,20,23.38571972285637,8.564566354707663,249.66628027714364,91.43543364529232
Low,control,21,18.10064532025891,6.629010342447192,254.95135467974112,93.3709896575528
Low,control,22,23.728718128431595,8.690182869355139,249.32328187156844,91.30981713064486
Low,control,23,19.213797203112904,7.036680633400562,253.83820279688712,92.96331936659944
Low,control,24,21.322482255486197,7.808945642400053,251.72951774451383,92.19105435759994
Low,control,25,16.234412539340475,5.945538776255246,256.8175874606595,94.05446122374474
Low,control,26,20.3896114836297,7.467299812354312,252.66238851637036,92.53270018764567
Low,control,27,17.75737589264997,6.503294571235505,255.29462410735005,93.4967054287645
Low,control,28,12.121266044494474,4.439178634287416,260.9307339555056,95.56082136571258
Low,control,29,14.111260049372534,5.167975348787972,258.94073995062746,94.83202465121202
Low,control,2,29.274842604901025,10.721343408911498,243.77715739509895,89.2786565910885
Low,control,30,20.23587573253244,7.410997074744897,252.8161242674676,92.5890029252551
Low,control,31,17.701088619552728,6.482680448981412,255.3509113804473,93.5173195510186
Low,control,32,14.69985868897102,5.383538186488661,258.352141311029,94.61646181351136
Low,control,34,30.065676827682918,11.01097110721874,242.9863231723171,88.98902889278126
Low,control,35,27.35814856126502,10.01939138378954,245.693851438735,89.98060861621046
Low,control,36,29.993468826610123,10.98452632707694,243.0585311733899,89.01547367292306
Low,control,37,17.281964018951893,6.329184191638183,255.77003598104807,93.67081580836182
Low,control,38,23.33487548265924,8.54594563770243,249.7171245173408,91.45405436229755
Low,control,39,29.48518348097998,10.79837667586393,243.56681651902005,89.20162332413607
Low,control,3,25.499899249728166,9.338843608443872,247.55210075027185,90.66115639155612
Low,control,40,21.484179893556615,7.868164266717188,251.5678201064434,92.1318357332828
Low,control,41,22.463932291991,8.226979583372763,250.58806770800905,91.77302041662723
Low,control,42,21.04551492347387,7.707511727976309,252.00648507652616,92.2924882720237
Low,control,43,19.004893191154377,6.960173590068695,254.04710680884563,93.03982640993132
Low,control,44,26.001294985206677,9.522470073541548,247.05070501479332,90.47752992645846
Low,control,45,25.87689847222757,9.476912262949025,247.17510152777243,90.52308773705096
Low,control,46,18.08752201749207,6.624204187294754,254.964477982508,93.37579581270523
Low,control,47,24.34839113514565,8.917126091420553,248.7036088648544,91.08287390857946
Low,control,48,25.459758564126037,9.324142860746685,247.592241435874,90.67585713925332
Low,control,49,19.10132371124988,6.995489398081639,253.95067628875012,93.00451060191835
Low,control,4,28.77995086582344,10.54009890637074,244.2720491341766,89.45990109362927
Low,control,50,24.99985768452704,9.15571308195034,248.052142315473,90.84428691804966
Low,control,51,25.237931042941007,9.242902832772147,247.81406895705905,90.75709716722784
Low,control,52,17.36123968761586,6.358217367979674,255.69076031238416,93.64178263202032
Low,control,53,20.19486135693456,7.395976355029283,252.85713864306547,92.60402364497072
Low,control,54,18.728395501355514,6.858911672998372,254.3236044986445,93.14108832700164
Low,control,55,19.350184315394163,7.086629768466872,253.70181568460583,92.91337023153314
Low,control,56,28.2280089591922,10.337960886275214,244.8239910408078,89.66203911372477
Low,control,57,21.484407905581755,7.868247771699806,251.56759209441827,92.1317522283002
Low,control,58,21.425822791350388,7.84679210968987,251.62617720864964,92.15320789031011
Low,control,59,19.60417900003497,7.179650396274324,253.44782099996505,92.82034960372567
Low,control,5,31.04128416954104,11.368268377283828,242.010715830459,88.63173162271619
Low,control,60,14.951335415440726,5.475636660943969,258.1006645845593,94.52436333905602
Low,control,61,22.158607889841768,8.115160441909147,250.89339211015823,91.88483955809086
Low,control,62,16.42433159495128,6.015092947479337,256.6276684050487,93.98490705252064
Low,control,63,18.791945594768624,6.882185662353186,254.2600544052314,93.1178143376468
Low,control,64,26.807987144656877,9.817905433637868,246.2440128553432,90.18209456636214
Low,control,65,20.18778824872161,7.393385966307372,252.8642117512784,92.60661403369262
Low,control,66,22.06636792733086,8.081379344348644,250.98563207266915,91.91862065565137
Low,control,67,26.769829515885736,9.80393094204977,246.2821704841143,90.19606905795024
Low,control,68,22.252986441415597,8.149724756242618,250.7990135585844,91.85027524375738
Low,control,69,15.81879987250634,5.793328696550963,257.23320012749366,94.20667130344904
Low,control,6,26.992873733632567,9.885616561545993,246.05912626636743,90.114383438454
Low,control,70,24.511260601947704,8.97677387528665,248.54073939805232,91.02322612471336
Low,control,71,16.093844468887063,5.894058446335153,256.95815553111294,94.10594155366483
Low,control,72,21.64049719820997,7.925412448255266,251.41150280179005,92.07458755174474
Low,control,73,20.17995879493591,7.39051858068643,252.8720412050641,92.60948141931355
Low,control,74,19.257090222012767,7.052535862038281,253.79490977798724,92.94746413796172
Low,control,75,22.182504362317125,8.123912061554988,250.8694956376829,91.876087938445
Low,control,76,22.632670301959816,8.288776607371421,250.4193296980402,91.71122339262855
Low,control,77,21.330375253953925,7.811836300028538,251.7216247460461,92.18816369997144
Low,control,78,18.15027993583232,6.647188057890921,254.9017200641677,93.35281194210908
Low,control,79,20.974080906132,7.681350404366932,252.077919093868,92.31864959563306
Low,control,7,22.878737356064068,8.378893894226765,250.17326264393597,91.62110610577324
Low,control,80,17.94216163423382,6.5709687657419895,255.1098383657662,93.429031234258
Low,control,81,18.87185838032399,6.911452170401238,254.180141619676,93.08854782959877
Low,control,82,24.71615190294572,9.05181134104336,248.3358480970543,90.94818865895664
Low,control,83,23.665621653431007,8.667075008947382,249.38637834656905,91.33292499105262
Low,control,84,17.792231775070327,6.516059862249801,255.2597682249297,93.4839401377502
Low,control,85,21.2123316638979,7.768605124261276,251.8396683361021,92.23139487573872
Low,control,86,19.56081166867439,7.163767952138929,253.49118833132565,92.83623204786107
Low,control,87,21.28857257215168,7.796526878452338,251.76342742784837,92.20347312154766
Low,control,88,14.26965205972658,5.225983351056421,258.78234794027344,94.7740166489436
Low,control,89,20.414694466336982,7.476485968363895,252.63730553366304,92.5235140316361
Low,control,8,26.47357359897808,9.695432957450622,246.57842640102197,90.30456704254938
Low,control,90,21.194424465644143,7.762046960155626,251.85757553435587,92.23795303984436
Low,control,91,26.578615070482822,9.7339023594344,246.4733849295172,90.2660976405656
Low,control,92,19.04366463369802,6.974372879047955,254.008335366302,93.02562712095204
Low,control,93,32.37219325462371,11.85568802082523,240.6798067453763,88.14431197917477
Low,control,94,19.822028346607706,7.259433494941514,253.2299716533923,92.74056650505848
Low,control,96,28.33248720677813,10.376224018420714,244.7195127932219,89.62377598157929
Low,control,97,23.41272612617858,8.57445692621866,249.63927387382145,91.42554307378134
Low,control,98,23.08760286942426,8.45538683819355,249.96439713057575,91.54461316180644
Low,control,99,17.85810999546973,6.540186482966515,255.1938900045303,93.45981351703348
Low,control,9,23.89913820819208,8.75259591879645,249.15286179180796,91.24740408120356
