density,architecture,repetition,absorbedPAR_umol_m2_s1,area_m2[m^2]
Low,architecture_A,1,1139.8856558152577,0.0458764404880367
Low,architecture_A,2,1154.0248057783506,0.0458391083283387
Low,architecture_A,3,1081.9439619718037,0.0458427899623936
Low,architecture_A,4,1154.6568825391912,0.0458341977028606
Low,architecture_A,5,1137.4586687767658,0.0458435389665044
Low,architecture_A,6,1179.4157638243953,0.0458688660029204
Low,architecture_A,7,1175.5238080741456,0.0458916689107047
Low,architecture_A,8,1185.459306895812,0.045877021476049704
Low,architecture_A,9,1140.0339096080995,0.0459062372996877
Low,architecture_A,10,1187.376011567007,0.0458338310621382
Low,architecture_A,11,1216.898255163888,0.04588190635416
Low,architecture_A,12,1217.8484750464447,0.0458253348974097
Low,architecture_A,13,1208.5960540729363,0.0458473806000632
Low,architecture_A,14,1194.9879307913297,0.0458860873460558
Low,architecture_A,15,1168.0145048227612,0.045877177614646096
Low,architecture_A,16,1131.1666734117753,0.0458930578214162
Low,architecture_A,17,1182.0993949384851,0.0458233848141018
Low,architecture_A,18,1217.6762969981146,0.0459132226693622
Low,architecture_A,19,1217.2632389913138,0.045861800288124
Low,architecture_A,20,1177.6712517296578,0.0458197519122666
Low,architecture_A,21,1129.9405723448956,0.0458949451423874
Low,architecture_A,22,1273.6864635156878,0.0458616861937452
Low,architecture_A,23,1146.692854000558,0.0458290505067677
Low,architecture_A,24,1148.2057640425924,0.0458821675197489
Low,architecture_A,25,1200.0532145591114,0.0458565686844578
Low,architecture_A,26,1144.0538759595768,0.0458326103925339
Low,architecture_A,27,1032.6580582668898,0.0458890063219305
Low,architecture_A,28,1193.9683736349366,0.0459011249649096
Low,architecture_A,29,1136.3220536025271,0.0458959948607104
Low,architecture_A,30,1173.938431591639,0.0458612952420692
Low,architecture_A,31,1191.5739272999044,0.0459064561997332
Low,architecture_A,32,1115.5004526689545,0.045823908248324496
Low,architecture_A,33,1172.659388155663,0.0458735637808576
Low,architecture_A,34,1136.6811994428604,0.0459166992539523
Low,architecture_A,35,1223.4756409368356,0.045824151347701
Low,architecture_A,36,1210.5301338818097,0.045862577744581204
Low,architecture_A,37,1151.492954341102,0.0458810125262586
Low,architecture_A,38,1117.327027023456,0.0458411341440079
Low,architecture_A,39,1224.632288705201,0.0458252708479807
Low,architecture_A,40,1174.2312217485508,0.0458727603941911
Low,architecture_A,41,1249.680185724102,0.0458860826290272
Low,architecture_A,42,1185.3903224729327,0.0458433616840234
Low,architecture_A,43,1184.7828517183614,0.0458361604889584
Low,architecture_A,44,1192.0640220127952,0.0458871680573101
Low,architecture_A,45,1210.0219227007503,0.0459121640961961
Low,architecture_A,46,1223.5410203290016,0.0458457657907997
Low,architecture_A,47,1191.7388312447447,0.0458560071780082
Low,architecture_A,48,1188.6472309865237,0.0458960263732038
Low,architecture_A,49,1137.8638449390307,0.045856505063136
Low,architecture_A,50,1154.0950330365242,0.0458799250761056
Low,architecture_A,51,1175.0531736173698,0.0458950075219823
Low,architecture_A,52,1189.998490796713,0.045897201979028
Low,architecture_A,53,1127.8010528609652,0.0458540613191512
Low,architecture_A,54,1116.5581924119838,0.0458828636436338
Low,architecture_A,55,1194.365792242755,0.045903018385090796
Low,architecture_A,56,1214.7098312354676,0.045871785061125
Low,architecture_A,57,1181.5561542957207,0.045913562677567694
Low,architecture_A,58,1120.8268538630293,0.0459123931246179
Low,architecture_A,59,1160.380540730878,0.0458124465018442
Low,architecture_A,60,1202.2476029393627,0.0459014872164787
Low,architecture_A,61,1085.1034740108523,0.0458550257889118
Low,architecture_A,62,1103.532081621402,0.045813136893357
Low,architecture_A,63,1120.5216463965464,0.0458839522041323
Low,architecture_A,64,1172.3149591977988,0.0458490806139532
Low,architecture_A,65,1173.5179969808182,0.045813856192375504
Low,architecture_A,66,1178.5635285901485,0.0459126497895977
Low,architecture_A,67,1233.544079536954,0.0458100851573314
Low,architecture_A,68,1202.9196581404922,0.0458703443004976
Low,architecture_A,69,1164.090547978989,0.0458901094925843
Low,architecture_A,70,1192.7005939829817,0.04583435348659
Low,architecture_A,71,1141.3661154431124,0.0458569720385883
Low,architecture_A,72,1176.6989871664828,0.0458423166259816
Low,architecture_A,73,1138.9652924238867,0.0458676668459017
Low,architecture_A,74,1153.8836160488675,0.0459096435040302
Low,architecture_A,75,1248.3399522278764,0.0458872714390157
Low,architecture_A,76,1179.4366420346732,0.045880128050843696
Low,architecture_A,77,1156.6707420088508,0.0459193257911339
Low,architecture_A,78,1167.4166703296803,0.0458828038376414
Low,architecture_A,79,1230.1118919009825,0.0458483811683576
Low,architecture_A,80,1236.7492545392097,0.0458351441050873
Low,architecture_A,81,1108.4801419455341,0.0458778318606212
Low,architecture_A,82,1105.8790507009803,0.0458964117150132
Low,architecture_A,83,1132.6443677909772,0.0458427896695918
Low,architecture_A,84,1102.0992397097625,0.045866291121655696
Low,architecture_A,85,1146.9919690312136,0.0458638471316536
Low,architecture_A,86,1206.5420195607694,0.0458861301028203
Low,architecture_A,87,1212.957791399064,0.045857259004488095
Low,architecture_A,88,1150.653743029047,0.0458293193770512
Low,architecture_A,89,1142.7721439908908,0.0458283562764331
Low,architecture_A,90,1192.777521372971,0.045906014424598
Low,architecture_A,91,1153.8085202303723,0.0458947623435396
Low,architecture_A,92,1113.549808212029,0.0458525625903632
Low,architecture_A,93,1206.5476164958627,0.0458364676383329
Low,architecture_A,94,1159.906391133875,0.045834752104972794
Low,architecture_A,95,1221.12589805886,0.0458943027019237
Low,architecture_A,96,1177.5061073578354,0.0458160197936531
Low,architecture_A,97,1236.8477530471903,0.0458387294999989
Low,architecture_A,98,1185.733272759054,0.0458034994955341
Low,architecture_A,99,1228.1132423200952,0.045882847588273504
Low,architecture_A,100,1271.9366791380714,0.0458881908745019
Low,architecture_B,1,1240.6205550222012,0.0458504650462965
Low,architecture_B,2,1261.264923989397,0.0458073235925881
Low,architecture_B,3,1258.1016653426288,0.0458339182204161
Low,architecture_B,4,1270.748854807547,0.0458658565255406
Low,architecture_B,5,1357.1563423756415,0.045881152387412
Low,architecture_B,6,1196.6736960683788,0.0458570436106337
Low,architecture_B,7,1275.39623304395,0.0458512401838107
Low,architecture_B,8,1114.644935884219,0.0458854811129496
Low,architecture_B,9,1245.4108857569674,0.0458831110203603
Low,architecture_B,10,1225.6403306758275,0.0458223134115944
Low,architecture_B,11,1233.6800035003346,0.045907192756502097
Low,architecture_B,12,1222.2632132085898,0.0458727124332432
Low,architecture_B,13,1266.6917635214918,0.0458511483433586
Low,architecture_B,14,1299.325551425117,0.045881137145240704
Low,architecture_B,15,1158.1524262309176,0.0458763121050154
Low,architecture_B,16,1274.7563116752424,0.0459033710371466
Low,architecture_B,17,1231.4055100465303,0.0458904010934668
Low,architecture_B,18,1175.2098829217905,0.045823475865952
Low,architecture_B,19,1322.9441104455332,0.0458805863634141
Low,architecture_B,20,1195.8991998024692,0.045860623590974904
Low,architecture_B,21,1173.127091699144,0.0458168957967609
Low,architecture_B,22,1195.9692667705644,0.0458580469973614
Low,architecture_B,23,1214.3482438788233,0.0459359187254602
Low,architecture_B,24,1252.7758171387563,0.0458360577979566
Low,architecture_B,25,1286.588605841049,0.0458246681531368
Low,architecture_B,26,1286.6375180651462,0.0458433228772219
Low,architecture_B,27,1283.8680856228834,0.045802881916698304
Low,architecture_B,28,1260.4418663476931,0.045904727217492995
Low,architecture_B,29,1221.2231985774815,0.0458251531387606
Low,architecture_B,30,1255.9745825331781,0.0458867089828789
Low,architecture_B,31,1151.0425687299817,0.0458350498848505
Low,architecture_B,32,1224.2493625656316,0.0458262015039418
Low,architecture_B,33,1243.8621428593297,0.0458642168321236
Low,architecture_B,34,1308.456679873712,0.0457930469313233
Low,architecture_B,35,1230.1188482303553,0.0458811120376444
Low,architecture_B,36,1326.2822434107602,0.0458766090016248
Low,architecture_B,37,1237.184475641144,0.0459074647446398
Low,architecture_B,38,1238.0126714132073,0.0458149979968882
Low,architecture_B,39,1273.2573614174198,0.0458667206431167
Low,architecture_B,40,1230.956875652584,0.0458904002013575
Low,architecture_B,41,1187.848686947976,0.0458580092729564
Low,architecture_B,42,1318.5609144963003,0.0458828194096832
Low,architecture_B,43,1280.2329422198784,0.0458514955976069
Low,architecture_B,44,1173.392889326484,0.0458084543142804
Low,architecture_B,45,1249.9529590526631,0.0458589532278356
Low,architecture_B,46,1339.7815749241202,0.0458689277635888
Low,architecture_B,47,1293.1168382567257,0.0458206796481359
Low,architecture_B,48,1287.4631183576507,0.0458568428493787
Low,architecture_B,49,1255.8360571642197,0.0458463039623737
Low,architecture_B,50,1296.1460037089441,0.0458565011246781
Low,architecture_B,51,1186.226497318401,0.045849365525749
Low,architecture_B,52,1279.3693260668076,0.045923739378187
Low,architecture_B,53,1283.7714698765983,0.0458176782973266
Low,architecture_B,54,1279.5548422925103,0.0458855193840188
Low,architecture_B,55,1302.2695284436766,0.0458223938286044
Low,architecture_B,56,1215.452605149346,0.045890922840943
Low,architecture_B,57,1221.0161918579447,0.045883336698569
Low,architecture_B,58,1205.6361641712892,0.045774580107493204
Low,architecture_B,59,1251.5372588244563,0.0458269455310741
Low,architecture_B,60,1300.82067779782,0.0458108208184767
Low,architecture_B,61,1242.060223142875,0.04586299012755719
Low,architecture_B,62,1294.2986144911147,0.045882013456672796
Low,architecture_B,63,1199.4277916947954,0.0458361138027054
Low,architecture_B,64,1217.9472655403013,0.0458556285153571
Low,architecture_B,65,1246.751600705673,0.0457965204074874
Low,architecture_B,66,1255.4520362631276,0.045852156247307
Low,architecture_B,67,1266.0602494889044,0.0458646518902398
Low,architecture_B,68,1256.9354457255904,0.0459021076513453
Low,architecture_B,69,1287.815347268515,0.045868647694192605
Low,architecture_B,70,1165.9922636143367,0.0458582436300249
Low,architecture_B,71,1263.6461199081461,0.045903615355502296
Low,architecture_B,72,1200.5562652357646,0.045855094454438604
Low,architecture_B,73,1240.339296458091,0.0458632776188614
Low,architecture_B,74,1266.3188289993743,0.0458623555554656
Low,architecture_B,75,1251.3257193863083,0.045892927758451905
Low,architecture_B,76,1187.9049849053426,0.0458858511544833
Low,architecture_B,77,1318.5736861577757,0.045876249232357405
Low,architecture_B,78,1119.8662394537425,0.0458528675456107
Low,architecture_B,79,1206.7067991490974,0.045818156704161
Low,architecture_B,80,1220.927065659296,0.0458656474569522
Low,architecture_B,81,1259.087177945535,0.0458144873106123
Low,architecture_B,82,1165.8934660736395,0.0458579655048309
Low,architecture_B,83,1220.091026035517,0.0458321326441015
Low,architecture_B,84,1186.5291904007775,0.0458789895676027
Low,architecture_B,85,1255.4214711901282,0.0458718013148444
Low,architecture_B,86,1215.198293416669,0.0458845361404589
Low,architecture_B,87,1284.0320194879025,0.0458677389416411
Low,architecture_B,88,1242.5146126907366,0.045903278526115504
Low,architecture_B,89,1230.388671459327,0.0458533101706636
Low,architecture_B,90,1295.8024456749838,0.0458679691298876
Low,architecture_B,91,1299.5288812562185,0.0458954431106759
Low,architecture_B,92,1277.771847946584,0.0458596113695126
Low,architecture_B,93,1285.1077489425127,0.0458444184813144
Low,architecture_B,94,1246.46841194722,0.0458428071057662
Low,architecture_B,95,1325.5657071407288,0.0459041507551632
Low,architecture_B,96,1216.7892580318637,0.0458541154604118
Low,architecture_B,97,1191.0013762756491,0.0458301724701492
Low,architecture_B,98,1227.9790901605058,0.0458704417460802
Low,architecture_B,99,1223.9651487097474,0.0458985701713046
Low,architecture_B,100,1249.1982791356402,0.045891927710505195
Low,architecture_C,1,1239.006931241976,0.0458550855405939
Low,architecture_C,2,1256.0174387159714,0.0459107765400404
Low,architecture_C,3,1197.313036870738,0.0459006251080178
Low,architecture_C,4,1175.222691367142,0.0458786165812583
Low,architecture_C,5,1299.9260152593463,0.0458930855746973
Low,architecture_C,6,1251.7675144361497,0.0458389928461588
Low,architecture_C,7,1270.0129275035783,0.0457981395754413
Low,architecture_C,8,1262.3263643773262,0.0459311094919647
Low,architecture_C,9,1261.6270378067302,0.0458702627225857
Low,architecture_C,10,1280.9231874161433,0.0458539864195515
Low,architecture_C,11,1246.2857940358736,0.0458638199251146
Low,architecture_C,12,1257.8966489320758,0.0459258267724734
Low,architecture_C,13,1186.6107759214742,0.0458389228784983
Low,architecture_C,14,1294.897373961476,0.0458087418496542
Low,architecture_C,15,1187.7647168835738,0.0458791813681505
Low,architecture_C,16,1247.8290260745962,0.0458824765772885
Low,architecture_C,17,1220.1103898488464,0.0459084909714201
Low,architecture_C,18,1252.7999093798526,0.0459056453215348
Low,architecture_C,19,1227.2219876878892,0.0458474965590082
Low,architecture_C,20,1249.632279156327,0.045836052592973395
Low,architecture_C,21,1213.6629374874112,0.04587839636387
Low,architecture_C,22,1309.2943086230084,0.0458684299187477
Low,architecture_C,23,1237.5847680763718,0.0458187511881959
Low,architecture_C,24,1220.7015762830506,0.0458338958336178
Low,architecture_C,25,1301.8491507299177,0.0459010498314258
Low,architecture_C,26,1318.5118852444555,0.0458364620548636
Low,architecture_C,27,1251.820468944105,0.0459065672299443
Low,architecture_C,28,1239.5914299974684,0.0458808860123734
Low,architecture_C,29,1218.057808471033,0.0458650067763824
Low,architecture_C,30,1236.357776192739,0.0459105716535754
Low,architecture_C,31,1343.1842663982297,0.0458167306576066
Low,architecture_C,32,1299.21680117019,0.0458853406051703
Low,architecture_C,33,1229.1571611709237,0.0458506123738808
Low,architecture_C,34,1226.351352787379,0.0458144256719536
Low,architecture_C,35,1257.3156176914622,0.0458306409878635
Low,architecture_C,36,1299.2038678231518,0.0458129942978811
Low,architecture_C,37,1284.3257331201582,0.0459160307374923
Low,architecture_C,38,1256.0207992468431,0.0457861128707815
Low,architecture_C,39,1224.2115188668956,0.0458676681381242
Low,architecture_C,40,1135.4572556051492,0.045915570750883504
Low,architecture_C,41,1216.2921466549724,0.0459147258571347
Low,architecture_C,42,1217.9680194250466,0.0459263226251493
Low,architecture_C,43,1285.1163875793904,0.045795723902584004
Low,architecture_C,44,1308.185742397181,0.0458698412969216
Low,architecture_C,45,1207.8358389279433,0.0458639282043844
Low,architecture_C,46,1317.964499494002,0.0458577599653621
Low,architecture_C,47,1219.7232086032177,0.0458459142990829
Low,architecture_C,48,1276.2507244325557,0.0458393865549647
Low,architecture_C,49,1297.1285506181418,0.045845754796261004
Low,architecture_C,50,1269.2681379614646,0.0458390165196684
Low,architecture_C,51,1217.3995100969137,0.045875466798718
Low,architecture_C,52,1305.5172984987162,0.045849090621655195
Low,architecture_C,53,1343.3355819708893,0.0458699056062121
Low,architecture_C,54,1265.0370732907331,0.045830749386287
Low,architecture_C,55,1212.452550227482,0.045870515394584505
Low,architecture_C,56,1233.1332319708642,0.0458790754503438
Low,architecture_C,57,1248.4448058641833,0.0458568807614105
Low,architecture_C,58,1266.947632802096,0.0458754192540345
Low,architecture_C,59,1252.7292583104106,0.0458824358572764
Low,architecture_C,60,1229.2942378603414,0.0459237090797746
Low,architecture_C,61,1317.5316247462501,0.0458377467735898
Low,architecture_C,62,1278.0118615960096,0.0458690741075874
Low,architecture_C,63,1295.5546622899772,0.045884195143531196
Low,architecture_C,64,1266.714990375073,0.0458773328118363
Low,architecture_C,65,1321.0802128106598,0.04586017006097
Low,architecture_C,66,1257.2502241298205,0.04586695284609
Low,architecture_C,67,1282.069585140594,0.045825136953811
Low,architecture_C,68,1269.3661218219172,0.0459049137669304
Low,architecture_C,69,1274.2296334790346,0.045855322911468
Low,architecture_C,70,1278.4005021307487,0.045828919092573896
Low,architecture_C,71,1207.0211515342028,0.045792629224676196
Low,architecture_C,72,1263.3370160281868,0.045803182641770704
Low,architecture_C,73,1328.7181770720422,0.0458578646256333
Low,architecture_C,74,1263.921424331767,0.045801198328304
Low,architecture_C,75,1279.29850122759,0.0459062585384175
Low,architecture_C,76,1344.422086746953,0.0459085305112586
Low,architecture_C,77,1269.7277313254356,0.0458521814905824
Low,architecture_C,78,1292.2850472215634,0.0458343975502483
Low,architecture_C,79,1264.6918253258277,0.0458338381515344
Low,architecture_C,80,1258.3048325840466,0.0459206887146599
Low,architecture_C,81,1253.3633636188886,0.045874140908106
Low,architecture_C,82,1162.6378005189395,0.0458571683170071
Low,architecture_C,83,1257.711246638375,0.045865372557391704
Low,architecture_C,84,1320.4983980720924,0.0458747529087623
Low,architecture_C,85,1233.6345927861985,0.045874184499596
Low,architecture_C,86,1270.2339309386266,0.045822819366359
Low,architecture_C,87,1313.3799473155373,0.0458336562999057
Low,architecture_C,88,1287.6354831853334,0.0458287786147942
Low,architecture_C,89,1239.1086685248267,0.045877177738781603
Low,architecture_C,90,1263.4542300213564,0.0459146250558527
Low,architecture_C,91,1249.2352301274834,0.0459060362662906
Low,architecture_C,92,1275.4540467598827,0.0459008624397138
Low,architecture_C,93,1259.5732300804655,0.045794000146358
Low,architecture_C,94,1300.4095537459307,0.0458555673466301
Low,architecture_C,95,1344.6656986498506,0.0458065101354818
Low,architecture_C,96,1283.836822186661,0.0458348278802655
Low,architecture_C,97,1182.2791479585844,0.0458822500757018
Low,architecture_C,98,1255.5416879590202,0.045905885387216995
Low,architecture_C,99,1283.605384958394,0.0458071187570982
Low,architecture_C,100,1273.5216839098637,0.0458597058139513
Low,architecture_D,1,1273.8040754327264,0.045904357034895
Low,architecture_D,2,1231.6995917027955,0.0458632254697861
Low,architecture_D,3,1214.5237234992567,0.045818780820156904
Low,architecture_D,4,1247.2456850654912,0.0458562631840547
Low,architecture_D,5,1267.5223381181845,0.0458687632947087
Low,architecture_D,6,1297.305121265078,0.0458962401219377
Low,architecture_D,7,1302.941608626503,0.0458429195493385
Low,architecture_D,8,1259.7460809956115,0.0458758261378394
Low,architecture_D,9,1212.592475690178,0.0458997843714231
Low,architecture_D,10,1216.839736309553,0.0459222213299449
Low,architecture_D,11,1234.9511361139166,0.0458350964817758
Low,architecture_D,12,1240.7523440819377,0.0458786698513529
Low,architecture_D,13,1235.6942350214294,0.0458747426331537
Low,architecture_D,14,1211.8453602144102,0.0458896009892453
Low,architecture_D,15,1317.9732012706177,0.0459055455900269
Low,architecture_D,16,1228.477972761946,0.0458577839341551
Low,architecture_D,17,1286.7999050256337,0.0458627491908345
Low,architecture_D,18,1297.223386543786,0.0458263068755205
Low,architecture_D,19,1269.0954312903903,0.0458166649980036
Low,architecture_D,20,1268.2780516172506,0.045908848612454395
Low,architecture_D,21,1258.2644991305128,0.0458425551977086
Low,architecture_D,22,1302.4493501098627,0.0458532242993722
Low,architecture_D,23,1253.6837101538085,0.0458314574215362
Low,architecture_D,24,1210.1829667105615,0.0459067617726439
Low,architecture_D,25,1281.7930530034384,0.0458363043916161
Low,architecture_D,26,1244.9992698199758,0.0458751328005793
Low,architecture_D,27,1270.1555105030245,0.0458379490267542
Low,architecture_D,28,1315.9562838936233,0.045871357105721704
Low,architecture_D,29,1346.426042697241,0.0459614945798524
Low,architecture_D,30,1274.4270626711477,0.0458236876999849
Low,architecture_D,31,1287.6766895870282,0.0458714876788326
Low,architecture_D,32,1313.0579859803418,0.045817836066005195
Low,architecture_D,33,1243.1071931892918,0.045939007091924604
Low,architecture_D,34,1285.9915547973324,0.0458355122085288
Low,architecture_D,35,1271.3061083025711,0.0458545698010482
Low,architecture_D,36,1279.1566026534078,0.0458309070110785
Low,architecture_D,37,1310.030575199182,0.0458758527055875
Low,architecture_D,38,1289.6280241088796,0.0458263586149637
Low,architecture_D,39,1275.574774779279,0.0458715405715916
Low,architecture_D,40,1263.4638913039375,0.045866694741713704
Low,architecture_D,41,1283.5654678586357,0.0458803619421192
Low,architecture_D,42,1325.3116013942938,0.0458053542902288
Low,architecture_D,43,1276.422853977442,0.0458673057702182
Low,architecture_D,44,1327.8969810024587,0.0458657266476437
Low,architecture_D,45,1295.873947032233,0.0459083282160887
Low,architecture_D,46,1224.7473096175802,0.0458779151069869
Low,architecture_D,47,1188.775658961807,0.0458315251221423
Low,architecture_D,48,1235.8010369853448,0.0459138480285664
Low,architecture_D,49,1182.3514445863375,0.0458763308801995
Low,architecture_D,50,1269.7991232832126,0.045809684250748404
Low,architecture_D,51,1229.0137368455396,0.0458655208778847
Low,architecture_D,52,1295.4442443489963,0.045933843544915996
Low,architecture_D,53,1342.9266097709674,0.0458555877801022
Low,architecture_D,54,1272.0874879140722,0.0459040848614338
Low,architecture_D,55,1318.41925604228,0.0458562320150674
Low,architecture_D,56,1235.0617258632758,0.0458411548371792
Low,architecture_D,57,1286.1010150851112,0.0458582408625082
Low,architecture_D,58,1262.0596510970786,0.0458573556418886
Low,architecture_D,59,1281.519834568736,0.0458588553547222
Low,architecture_D,60,1206.4470555704906,0.0458687758884094
Low,architecture_D,61,1205.838375257001,0.0458651962673184
Low,architecture_D,62,1292.7490469228874,0.0459103594147444
Low,architecture_D,63,1292.3231039804978,0.0458994251170006
Low,architecture_D,64,1216.2109227768674,0.045897652897239696
Low,architecture_D,65,1259.4174965862237,0.0458301736503247
Low,architecture_D,66,1322.8835288005494,0.0458642324480899
Low,architecture_D,67,1266.1076189958735,0.045851216254553205
Low,architecture_D,68,1251.0530908448545,0.0458816157696485
Low,architecture_D,69,1260.726645888503,0.0459075541008155
Low,architecture_D,70,1327.2555422582436,0.0458372278372978
Low,architecture_D,71,1239.6225171882857,0.0458118878962316
Low,architecture_D,72,1315.279606701557,0.045865874467462
Low,architecture_D,73,1285.4741678083174,0.0458231279351575
Low,architecture_D,74,1211.1783529500228,0.0458391066964724
Low,architecture_D,75,1279.0970416111318,0.0458668175549534
Low,architecture_D,76,1247.8038370133243,0.0458886034305164
Low,architecture_D,77,1264.8608531402242,0.0458098618357836
Low,architecture_D,78,1268.6110987275597,0.0458499528163029
Low,architecture_D,79,1356.0093355503939,0.0459037282807448
Low,architecture_D,80,1306.571801679313,0.0458441035310067
Low,architecture_D,81,1240.0612922691253,0.045876095788573004
Low,architecture_D,82,1266.9270389023654,0.0458742197047346
Low,architecture_D,83,1311.5066923964177,0.0459037925263966
Low,architecture_D,84,1337.7678093938002,0.0458589034849085
Low,architecture_D,85,1158.472238368514,0.0459364557302079
Low,architecture_D,86,1294.9127792408826,0.0458505953565031
Low,architecture_D,87,1306.0587437819497,0.0458987016502272
Low,architecture_D,88,1263.5703925704959,0.0458706048293251
Low,architecture_D,89,1284.5035039836337,0.045874674158481496
Low,architecture_D,90,1236.283217272436,0.0458503544464163
Low,architecture_D,91,1214.8919722991036,0.0458730097008595
Low,architecture_D,92,1399.3577763287722,0.0459144365666423
Low,architecture_D,93,1233.4375471105623,0.0458873179751978
Low,architecture_D,94,1213.8216205778012,0.0458253627750874
Low,architecture_D,95,1282.6283842952387,0.045846962846639
Low,architecture_D,96,1235.9141277813167,0.045864009495361104
Low,architecture_D,97,1274.7133782724206,0.0457838364944037
Low,architecture_D,98,1270.5054789433889,0.0458466382056132
Low,architecture_D,99,1189.31591073795,0.0458666129031458
Low,architecture_D,100,1237.7718512311765,0.0458311844527807
Low,architecture_E,1,1263.2937317598119,0.045820127500975104
Low,architecture_E,2,1253.2831125428634,0.0458609131667088
Low,architecture_E,3,1304.7803301763815,0.0458963507801562
Low,architecture_E,4,1184.2140141208376,0.045822854513546
Low,architecture_E,5,1258.531224348953,0.0458799099649429
Low,architecture_E,6,1302.7716222058575,0.0458516000636987
Low,architecture_E,7,1188.9428322623396,0.0458322875849666
Low,architecture_E,8,1220.2735485847184,0.0458260618447894
Low,architecture_E,9,1235.9092974391438,0.0458384872583536
Low,architecture_E,10,1233.268186357861,0.0458620891781118
Low,architecture_E,11,1266.2968736339778,0.0458895957060783
Low,architecture_E,12,1244.6464610335631,0.0458679487906755
Low,architecture_E,13,1204.0137770916795,0.0457922644108335
Low,architecture_E,14,1290.7043664697374,0.0459139479254764
Low,architecture_E,15,1287.3369517072674,0.0458931479343267
Low,architecture_E,16,1224.538048269572,0.045878971283996296
Low,architecture_E,17,1229.946588160075,0.0458777996422994
Low,architecture_E,18,1329.602187866288,0.0458644697664717
Low,architecture_E,19,1221.7175227340083,0.0458207487317805
Low,architecture_E,20,1348.6503245929302,0.0458793795314882
Low,architecture_E,21,1230.5419340702354,0.045919369475817796
Low,architecture_E,22,1355.0251386218606,0.0458587120018092
Low,architecture_E,23,1274.1119653816572,0.0458395801255894
Low,architecture_E,24,1282.6022597829915,0.0458166538041198
Low,architecture_E,25,1306.5721028552132,0.045821955458404
Low,architecture_E,26,1266.6932157481567,0.0459182368110836
Low,architecture_E,27,1258.3636456828972,0.0458228347892759
Low,architecture_E,28,1215.9009171111425,0.045881227447631096
Low,architecture_E,29,1247.6112883057854,0.045817272724249
Low,architecture_E,30,1298.513712578951,0.0458287554765796
Low,architecture_E,31,1214.0785850741167,0.0458496336437192
Low,architecture_E,32,1222.217735469033,0.0459206396198703
Low,architecture_E,33,1249.2809786602495,0.0458440618095889
Low,architecture_E,34,1289.8778086727566,0.0458664829481466
Low,architecture_E,35,1330.318376840699,0.0459060333591851
Low,architecture_E,36,1263.891605467788,0.0458750053924184
Low,architecture_E,37,1240.0044590395853,0.0458867377574627
Low,architecture_E,38,1276.0120835261946,0.0458178848838523
Low,architecture_E,39,1317.5551991079728,0.0458228643287232
Low,architecture_E,40,1208.6345351332413,0.0458315495179601
Low,architecture_E,41,1253.427786189407,0.0458245446561758
Low,architecture_E,42,1150.2808405792011,0.0459027784899216
Low,architecture_E,43,1279.8289925177849,0.0458816789212286
Low,architecture_E,44,1315.3088330336338,0.0458778757499228
Low,architecture_E,45,1258.1399919588239,0.045834614999549
Low,architecture_E,46,1266.2204327998686,0.0458649171306612
Low,architecture_E,47,1245.311209894441,0.0458593613266365
Low,architecture_E,48,1265.7829720302148,0.045854889695424
Low,architecture_E,49,1257.9442711477104,0.045857221366294096
Low,architecture_E,50,1204.3054030761982,0.0459044208788788
Low,architecture_E,51,1248.8023860335843,0.0458854401954854
Low,architecture_E,52,1209.7216401679505,0.0458888738860801
Low,architecture_E,53,1278.7584197022713,0.0458577249637764
Low,architecture_E,54,1166.8422998335368,0.0457774373454431
Low,architecture_E,55,1267.3432099135264,0.0458672996809444
Low,architecture_E,56,1289.7556881404903,0.0459364430280719
Low,architecture_E,57,1339.4011621951026,0.0458427503558237
Low,architecture_E,58,1288.5999414369098,0.0458717335388457
Low,architecture_E,59,1292.848173456667,0.0458431081338378
Low,architecture_E,60,1319.465386176375,0.0458383547694049
Low,architecture_E,61,1277.9841837673002,0.0458808481831004
Low,architecture_E,62,1263.4069757669558,0.0458438653108006
Low,architecture_E,63,1362.5403654554786,0.0458668027996458
Low,architecture_E,64,1322.565372934025,0.0459028297706928
Low,architecture_E,65,1165.8187762738328,0.0458306422906297
Low,architecture_E,66,1266.1907453388894,0.0458659464590985
Low,architecture_E,67,1223.8699498370845,0.0458821300621246
Low,architecture_E,68,1216.4568075027926,0.0458712619397064
Low,architecture_E,69,1195.2489986873195,0.0458174137901867
Low,architecture_E,70,1212.5162703127617,0.0458108513758212
Low,architecture_E,71,1240.1084193769955,0.045822163933892705
Low,architecture_E,72,1284.4298692209104,0.0458883196738996
Low,architecture_E,73,1216.3898917807958,0.0458878668189987
Low,architecture_E,74,1214.6382963346732,0.045886781864334696
Low,architecture_E,75,1305.508286657979,0.0458333701378627
Low,architecture_E,76,1266.571770218374,0.0458475853002254
Low,architecture_E,77,1222.6475384848259,0.0458505524977071
Low,architecture_E,78,1244.366442897812,0.0458921657720286
Low,architecture_E,79,1231.4326625779613,0.045873061123396
Low,architecture_E,80,1326.4637373715,0.0458369315438292
Low,architecture_E,81,1322.8380828132872,0.0458064377492464
Low,architecture_E,82,1237.0556043088266,0.0458499965674921
Low,architecture_E,83,1245.420070651332,0.0458359139382029
Low,architecture_E,84,1218.19898409526,0.0458584073081221
Low,architecture_E,85,1216.1480388763578,0.0459024873279446
Low,architecture_E,86,1258.920065647194,0.0458393803716604
Low,architecture_E,87,1184.5756848350275,0.045823626465429194
Low,architecture_E,88,1209.2984001290233,0.045824545557529
Low,architecture_E,89,1194.88230859009,0.0458504930822672
Low,architecture_E,90,1263.2971299495969,0.0458309260534101
Low,architecture_E,91,1281.7265590146365,0.0458292699418558
Low,architecture_E,92,1279.021022491935,0.0458976599661061
Low,architecture_E,93,1159.7419857494808,0.045839109071228096
Low,architecture_E,94,1197.2883225676062,0.045877202379506
Low,architecture_E,95,1288.6833911331896,0.0458297007427194
Low,architecture_E,96,1201.0977461185303,0.0459024484195553
Low,architecture_E,97,1285.898762826839,0.0458843984789202
Low,architecture_E,98,1178.027906068378,0.0458534827030198
Low,architecture_E,99,1095.2906472868983,0.045831239330506
Low,architecture_E,100,1202.6161778787157,0.0458900406999941
Low,architecture_F,1,1200.072115709495,0.0458340585593605
Low,architecture_F,2,1210.379388887618,0.0458809156886957
Low,architecture_F,3,1190.7880114624531,0.0458792392344892
Low,architecture_F,4,1120.8941223014683,0.0459121160628091
Low,architecture_F,5,1227.2779291735098,0.0458515857267711
Low,architecture_F,6,1185.4679276912375,0.0458962367697934
Low,architecture_F,7,1200.9335058799848,0.0458663156603611
Low,architecture_F,8,1230.7771068959628,0.0458181590448059
Low,architecture_F,9,1251.7252407130472,0.0458697254198869
Low,architecture_F,10,1235.2921523538716,0.0457930314193812
Low,architecture_F,11,1275.1257730531242,0.0458725437967242
Low,architecture_F,12,1238.494147557196,0.0458603465341028
Low,architecture_F,13,1175.1271381743668,0.0458352061217389
Low,architecture_F,14,1176.0729839506612,0.04587357651289
Low,architecture_F,15,1212.8438002621829,0.0458031307390177
Low,architecture_F,16,1182.752111991934,0.045860661172412
Low,architecture_F,17,1185.624154948455,0.0458619084384847
Low,architecture_F,18,1134.846804179711,0.0459130809018135
Low,architecture_F,19,1236.7394246440267,0.0458496790217993
Low,architecture_F,20,1205.652610628084,0.0458477804944965
Low,architecture_F,21,1255.0731941839385,0.045825820137709604
Low,architecture_F,22,1270.3868094089423,0.0458720787681287
Low,architecture_F,23,1244.687465259671,0.0458081043057287
Low,architecture_F,24,1191.5566192272086,0.0458820789588187
Low,architecture_F,25,1216.2431850465257,0.045838133564011
Low,architecture_F,26,1197.908796195417,0.0458439445540021
Low,architecture_F,27,1199.4689650796943,0.0458775293283845
Low,architecture_F,28,1220.9728679637956,0.0458023396081915
Low,architecture_F,29,1213.0366528456555,0.0458547126382706
Low,architecture_F,30,1204.2966236741559,0.0458392049755224
Low,architecture_F,31,1199.573979862912,0.045836318264327595
Low,architecture_F,32,1167.881287703731,0.045859455212685
Low,architecture_F,33,1214.252761714315,0.0458604966785704
Low,architecture_F,34,1237.1840171411438,0.0458029808609405
Low,architecture_F,35,1179.798955290366,0.0458166508776282
Low,architecture_F,36,1134.4704020204974,0.0458248739866417
Low,architecture_F,37,1255.736849572474,0.045840339030926
Low,architecture_F,38,1284.8562426365459,0.0458673988409735
Low,architecture_F,39,1260.0678625493147,0.0458935912803312
Low,architecture_F,40,1212.4191502144467,0.0458937134883146
Low,architecture_F,41,1264.5118164894254,0.045881446074374
Low,architecture_F,42,1100.0972951170863,0.0458973353389378
Low,architecture_F,43,1248.343971682622,0.0459197523717426
Low,architecture_F,44,1221.6739851935656,0.0458624022866345
Low,architecture_F,45,1260.5309281795587,0.0458517110193866
Low,architecture_F,46,1262.825121172833,0.045756448376715296
Low,architecture_F,47,1170.136506510683,0.0458348667624542
Low,architecture_F,48,1264.6207825634165,0.0458504276697786
Low,architecture_F,49,1176.246763883214,0.0458423754239876
Low,architecture_F,50,1272.4767585534,0.0458456997251944
Low,architecture_F,51,1184.542750745491,0.045826612857401604
Low,architecture_F,52,1217.594834147335,0.0458864970816355
Low,architecture_F,53,1219.254119485529,0.0458877314639412
Low,architecture_F,54,1251.3446908133415,0.0458479424045327
Low,architecture_F,55,1203.7804723452537,0.0458509996506394
Low,architecture_F,56,1239.6692601138107,0.045914516046667304
Low,architecture_F,57,1258.0428628811687,0.0458630833400562
Low,architecture_F,58,1277.4047854415355,0.045867923498930804
Low,architecture_F,59,1189.5876134731618,0.0458819720434352
Low,architecture_F,60,1275.9275024095607,0.0458249171129848
Low,architecture_F,61,1129.6493710489133,0.0458813263220171
Low,architecture_F,62,1148.0326330955202,0.0458310547196359
Low,architecture_F,63,1235.8125847232213,0.0458405040013881
Low,architecture_F,64,1199.6465362814579,0.0458732034895168
Low,architecture_F,65,1220.2965066235724,0.0458926948972418
Low,architecture_F,66,1187.9280495572127,0.0458710659938779
Low,architecture_F,67,1252.409095905917,0.0458331996575332
Low,architecture_F,68,1210.511522003686,0.0458325336905005
Low,architecture_F,69,1206.4005896089625,0.0458511269272407
Low,architecture_F,70,1192.53400737728,0.0458977769281547
Low,architecture_F,71,1198.515937782072,0.0458688095512702
Low,architecture_F,72,1180.076736928622,0.0459115635942444
Low,architecture_F,73,1237.937370826991,0.0458566765107156
Low,architecture_F,74,1286.5952256000214,0.0459043966027431
Low,architecture_F,75,1213.3849829540325,0.0458620174113156
Low,architecture_F,76,1189.21052626869,0.0459381711077067
Low,architecture_F,77,1177.8933518284907,0.0458120621332423
Low,architecture_F,78,1271.4694439663408,0.0459109868539226
Low,architecture_F,79,1207.416673392356,0.0458507149686353
Low,architecture_F,80,1228.482192232946,0.0458752236713543
Low,architecture_F,81,1160.3663948130375,0.0458761637923124
Low,architecture_F,82,1160.568889174426,0.0459316954555824
Low,architecture_F,83,1184.0106611967599,0.0457649404249459
Low,architecture_F,84,1223.976369050918,0.045879124361518205
Low,architecture_F,85,1193.825733178256,0.0458314569889169
Low,architecture_F,86,1192.6194119472575,0.0458048468344339
Low,architecture_F,87,1259.557614050006,0.0458371693119759
Low,architecture_F,88,1189.0669456149783,0.0459682064213976
Low,architecture_F,89,1150.198778820059,0.0458591205147722
Low,architecture_F,90,1222.9983075782527,0.0458763310133827
Low,architecture_F,91,1218.8286023996995,0.0458328201250342
Low,architecture_F,92,1219.6986074216984,0.0458495095516255
Low,architecture_F,93,1225.3461714095135,0.045843692619845604
Low,architecture_F,94,1216.5698393187765,0.0458614457165841
Low,architecture_F,95,1207.6863408511604,0.0459269361337221
Low,architecture_F,96,1289.473188616144,0.0458560381164889
Low,architecture_F,97,1209.9615723755492,0.0458554510076492
Low,architecture_F,98,1203.6288973436883,0.0458246182396902
Low,architecture_F,99,1217.306105529678,0.0458994424241035
Low,architecture_F,100,1318.7396387975268,0.0459039775717094
Low,architecture_G,1,1090.7399749427834,0.0458376480394292
Low,architecture_G,2,1124.921512121818,0.0459154880004798
Low,architecture_G,3,1080.6904534884102,0.0459120510496599
Low,architecture_G,4,1165.3226455307336,0.0458703299799944
Low,architecture_G,5,1085.7393311729425,0.0458149715187338
Low,architecture_G,6,1146.9100919445884,0.045828407102033696
Low,architecture_G,7,1039.1098879961175,0.0458417370422924
Low,architecture_G,8,1172.5272178687771,0.045916778187556
Low,architecture_G,9,1210.844475296437,0.0458354300532156
Low,architecture_G,10,1098.4452563541345,0.045838438681222
Low,architecture_G,11,1071.624758316601,0.0458490443741491
Low,architecture_G,12,1197.1730802255565,0.045846279408528
Low,architecture_G,13,1165.861739123298,0.0458248098591977
Low,architecture_G,14,1179.1770678561402,0.0459100192254881
Low,architecture_G,15,1148.0950204143521,0.045813635650007296
Low,architecture_G,16,1134.905741467221,0.0458478828305151
Low,architecture_G,17,1154.5258870465477,0.0458881869245689
Low,architecture_G,18,1156.6069879637676,0.0458562032287521
Low,architecture_G,19,1063.0453903883622,0.045881903261946196
Low,architecture_G,20,1086.0223130711097,0.0458927756242327
Low,architecture_G,21,1112.1245356556774,0.045861426405948
Low,architecture_G,22,1207.267668108558,0.045826704263269
Low,architecture_G,23,1154.0525300283678,0.0458048156455821
Low,architecture_G,24,1148.8268104025717,0.0458543369305083
Low,architecture_G,25,1168.5504255760488,0.045813779469761104
Low,architecture_G,26,1126.4889119379106,0.0458595436352481
Low,architecture_G,27,1144.603111765557,0.0458891973360189
Low,architecture_G,28,1119.2616041812412,0.045841873224495504
Low,architecture_G,29,1148.1664916222267,0.0458564080611086
Low,architecture_G,30,1116.7980914914879,0.0458871571338796
Low,architecture_G,31,1153.1572443377004,0.0458424816384452
Low,architecture_G,32,1130.6829663862588,0.0458830879110812
Low,architecture_G,33,1231.2411144336781,0.045816212762325496
Low,architecture_G,34,1206.7076908634992,0.045797677263388396
Low,architecture_G,35,1103.7954343759895,0.0458117395676275
Low,architecture_G,36,1182.8551222421652,0.0458476474289285
Low,architecture_G,37,1148.55215346131,0.045859634779628504
Low,architecture_G,38,1168.6975875629485,0.0458686705687959
Low,architecture_G,39,1124.446725122843,0.0458879721521783
Low,architecture_G,40,1154.3698738469645,0.0458833149042996
Low,architecture_G,41,1117.5792111388748,0.0458722666906081
Low,architecture_G,42,1130.5376267898225,0.045847896015347
Low,architecture_G,43,1167.6314079539054,0.0459018236233279
Low,architecture_G,44,1106.07069842774,0.0458448077877682
Low,architecture_G,45,1186.8373393183624,0.0458821964722319
Low,architecture_G,46,1170.4350959521628,0.0458974962760653
Low,architecture_G,47,1097.1631846587238,0.0458756517084012
Low,architecture_G,48,1151.197341785055,0.0458335265918899
Low,architecture_G,49,1135.5604804879933,0.0458338711287235
Low,architecture_G,50,1159.4451366839214,0.0458387560698639
Low,architecture_G,51,1158.3001285737403,0.0458360914551963
Low,architecture_G,52,1145.555871001388,0.0458376737034759
Low,architecture_G,53,1116.4644494213471,0.0458542250576921
Low,architecture_G,54,1086.920602243724,0.0459185671122336
Low,architecture_G,55,1102.73253925587,0.0459219509617809
Low,architecture_G,56,1165.2260382468269,0.0458374258932557
Low,architecture_G,57,1163.3067836785995,0.0458136643350369
Low,architecture_G,58,1111.2588283524556,0.0458391996650338
Low,architecture_G,59,1123.250493596565,0.0459035019578369
Low,architecture_G,60,1162.4755686378996,0.045852109574892004
Low,architecture_G,61,1166.8828170462464,0.0458991292139168
Low,architecture_G,62,1129.7953584705335,0.0458201495364481
Low,architecture_G,63,1111.4653360222283,0.0458812645468756
Low,architecture_G,64,1151.488743647872,0.0458358836439368
Low,architecture_G,65,1090.558820284392,0.0458712869325322
Low,architecture_G,66,1136.7359680848847,0.0458446697934512
Low,architecture_G,67,1169.8020473263352,0.0458781625093218
Low,architecture_G,68,1159.7118303872628,0.045866577209029
Low,architecture_G,69,1239.6750479330785,0.0458012373565928
Low,architecture_G,70,1121.0120221356503,0.0458481684031033
Low,architecture_G,71,1086.3491847146452,0.0458489171269731
Low,architecture_G,72,1100.3861849078235,0.0458969524118692
Low,architecture_G,73,1205.8962826141064,0.045841803456568804
Low,architecture_G,74,1208.0503927922246,0.045855234441612595
Low,architecture_G,75,1170.3828305591412,0.0458526748347698
Low,architecture_G,76,1177.8494472334542,0.045853353336797305
Low,architecture_G,77,1186.114158552742,0.0458300485754348
Low,architecture_G,78,1236.7000107150552,0.0458480766944113
Low,architecture_G,79,1118.0217163560237,0.045827348049581204
Low,architecture_G,80,1079.1546962815207,0.045818794155675004
Low,architecture_G,81,1062.4906409141956,0.0458458196476591
Low,architecture_G,82,1089.4736142452443,0.0458859329542627
Low,architecture_G,83,1184.4567763763741,0.0458265949367826
Low,architecture_G,84,1156.0831303603482,0.0458547651943308
Low,architecture_G,85,1160.3895996398592,0.0458848153490974
Low,architecture_G,86,1210.2301548422338,0.0458474993498072
Low,architecture_G,87,1120.448890391581,0.0458180934171631
Low,architecture_G,88,1192.2942364835358,0.0459160621661103
Low,architecture_G,89,1076.6255694819129,0.0458878035482041
Low,architecture_G,90,1110.4397363154774,0.0458514486468961
Low,architecture_G,91,1237.7978679664873,0.0458661205513628
Low,architecture_G,92,1075.4052108617345,0.0458517159991209
Low,architecture_G,93,1128.1037419761221,0.0458461598012495
Low,architecture_G,94,1145.2953109851046,0.0458425967141422
Low,architecture_G,95,1180.4136680569509,0.0458704588322466
Low,architecture_G,96,1136.6019127575744,0.0458893010262691
Low,architecture_G,97,1166.2007406192336,0.0458910444724137
Low,architecture_G,98,1166.6111251212023,0.0458425846481646
Low,architecture_G,99,1177.32088861102,0.045864440099449004
Low,architecture_G,100,1183.1908187249364,0.0458354331719815
Low,architecture_H,1,1080.4282290485855,0.0458105653790241
Low,architecture_H,2,1120.237920812674,0.045905529501505
Low,architecture_H,3,1004.9876864960792,0.0458409888155096
Low,architecture_H,4,1108.5135474986878,0.0458551552466287
Low,architecture_H,5,1109.9361933005157,0.0457912011735152
Low,architecture_H,6,1063.928179315828,0.045870507649315
Low,architecture_H,7,1043.0364829725677,0.0458458830703633
Low,architecture_H,8,1070.0214508172219,0.0459084628499326
Low,architecture_H,9,1027.077655962067,0.0458716998442385
Low,architecture_H,10,1033.5060869996385,0.0458859196353511
Low,architecture_H,11,1071.409174803281,0.0458598843428465
Low,architecture_H,12,1026.8306784016177,0.0458778845405225
Low,architecture_H,13,1056.8282344991028,0.045869587316687
Low,architecture_H,14,1134.1590912649692,0.0458533354434258
Low,architecture_H,15,1145.7937454034825,0.0458434060844933
Low,architecture_H,16,1106.5428932054085,0.0458319539496961
Low,architecture_H,17,1113.8178738955953,0.0458800629338472
Low,architecture_H,18,1032.867049631574,0.0458992247379148
Low,architecture_H,19,1038.1416689909101,0.0458967003574541
Low,architecture_H,20,1092.9531514117682,0.0458409087506893
Low,architecture_H,21,1035.782373152905,0.045821743354376596
Low,architecture_H,22,1090.9130775260744,0.0459061852055246
Low,architecture_H,23,1102.5588848646391,0.0457986221034059
Low,architecture_H,24,1069.9137805111777,0.0459175443930265
Low,architecture_H,25,1084.0357138692623,0.0458348644317781
Low,architecture_H,26,1117.9992913556835,0.0458248537121785
Low,architecture_H,27,1145.9970046034082,0.0459138113818775
Low,architecture_H,28,1020.8600482593791,0.0458763606926528
Low,architecture_H,29,1006.1522065001873,0.0458258023422215
Low,architecture_H,30,1101.7604095241009,0.045925857641905904
Low,architecture_H,31,1036.97003241415,0.0458798236633381
Low,architecture_H,32,1029.6000476585941,0.0458702831118692
Low,architecture_H,33,1083.4007087469229,0.0458670223614699
Low,architecture_H,34,1078.5172588165788,0.0459255721267862
Low,architecture_H,35,995.1446722365151,0.0459107505070531
Low,architecture_H,36,1032.0481790165497,0.0458322139272505
Low,architecture_H,37,1063.6948609051349,0.0459300138592684
Low,architecture_H,38,1083.639345738788,0.045882820693701
Low,architecture_H,39,1046.4124564413933,0.045874089727690796
Low,architecture_H,40,1112.458713721334,0.0458645181007633
Low,architecture_H,41,1049.3535467184347,0.0459079592558381
Low,architecture_H,42,1067.2281034929586,0.0459090934199373
Low,architecture_H,43,1097.7999108616998,0.0458697689957696
Low,architecture_H,44,1065.8067541314672,0.0459060462938073
Low,architecture_H,45,1091.9986736888275,0.045812920294041
Low,architecture_H,46,1112.0095426437233,0.0458141237237161
Low,architecture_H,47,1080.6670051473743,0.045871395404556
Low,architecture_H,48,1071.0039147844905,0.0458466625510771
Low,architecture_H,49,1063.7446255281811,0.045843637065638904
Low,architecture_H,50,1067.4122953398671,0.0458780808107607
Low,architecture_H,51,1061.2743021584631,0.0458200189992037
Low,architecture_H,52,1063.5883930084317,0.0458503588718167
Low,architecture_H,53,1044.9850137017863,0.045822045069555
Low,architecture_H,54,1021.8457842608775,0.045835701815232
Low,architecture_H,55,1064.4935015658452,0.0458668051671238
Low,architecture_H,56,1034.9842808019132,0.0458473456901016
Low,architecture_H,57,1077.7720407085353,0.0458251949968326
Low,architecture_H,58,1053.199029341511,0.0458464173080461
Low,architecture_H,59,1063.3037995884401,0.045826253351577
Low,architecture_H,60,1073.3988279580026,0.0458802996103794
Low,architecture_H,61,991.4343150422961,0.0458556841855129
Low,architecture_H,62,1024.829405993363,0.0458071208596144
Low,architecture_H,63,1057.5549487172073,0.045829117669792
Low,architecture_H,64,1063.2101657488915,0.0458494871537399
Low,architecture_H,65,1041.7458078631344,0.0459163611884551
Low,architecture_H,66,1070.0273809394778,0.0458201963642966
Low,architecture_H,67,1049.0429076903965,0.0458509962928234
Low,architecture_H,68,1057.2330467111842,0.045823238950628
Low,architecture_H,69,973.0910342238282,0.045841347992614
Low,architecture_H,70,1057.3363468202213,0.0458319347426117
Low,architecture_H,71,1022.156220241347,0.0458042660449426
Low,architecture_H,72,1051.626196979995,0.0458728760390815
Low,architecture_H,73,1050.9340961150244,0.0458942534484094
Low,architecture_H,74,1029.6592356311112,0.0458681501739835
Low,architecture_H,75,1038.876637376142,0.0458596834732132
Low,architecture_H,76,1112.5377104356448,0.0458850941087629
Low,architecture_H,77,1109.3973928477462,0.0458568045859582
Low,architecture_H,78,1105.5006109256658,0.0458417236489077
Low,architecture_H,79,1062.0722233495903,0.045876045179335
Low,architecture_H,80,1104.0512776554751,0.0459161278071304
Low,architecture_H,81,1035.9694478904885,0.0458875857543002
Low,architecture_H,82,1057.8622554006313,0.045904068883961
Low,architecture_H,83,1016.2567237314023,0.045903658266841604
Low,architecture_H,84,1061.846067484618,0.0459266104728192
Low,architecture_H,85,1058.0615657289845,0.045902668862462
Low,architecture_H,86,1103.6569001248495,0.045858558007044
Low,architecture_H,87,1025.9361676948101,0.0458990837176544
Low,architecture_H,88,1077.3593072560805,0.0458679534502575
Low,architecture_H,89,1036.7288601057105,0.0458533402521398
Low,architecture_H,90,1051.6206346897811,0.0457952266549985
Low,architecture_H,91,1118.8863677616532,0.0458627476509565
Low,architecture_H,92,1070.3816624216274,0.0458740482821754
Low,architecture_H,93,987.8653485932011,0.0457574168742729
Low,architecture_H,94,1130.7837191385888,0.045868672280211
Low,architecture_H,95,1088.9580822139178,0.0458743184752198
Low,architecture_H,96,1045.5373655884787,0.0458474279253152
Low,architecture_H,97,1081.1197256491432,0.0458309555645299
Low,architecture_H,98,1083.1795425494058,0.0458650610631383
Low,architecture_H,99,1122.4115271308315,0.0458975199250515
Low,architecture_H,100,1036.2503984908956,0.0458199086872619
Low,architecture_I,1,964.9244794322577,0.0458792225091076
Low,architecture_I,2,951.0259578549231,0.0459174843284023
Low,architecture_I,3,924.8377040032128,0.0459164586792207
Low,architecture_I,4,915.8983818248932,0.0458127858873654
Low,architecture_I,5,979.3839392349582,0.045881048673017504
Low,architecture_I,6,953.727087801127,0.0458193732427695
Low,architecture_I,7,952.9187367153629,0.0458502533771038
Low,architecture_I,8,998.2184570173591,0.045933144112288604
Low,architecture_I,9,982.5198675942154,0.0458321110444931
Low,architecture_I,10,931.2563316019455,0.0458487597941913
Low,architecture_I,11,917.6369804537288,0.0458815284083703
Low,architecture_I,12,983.0042902636591,0.0458867277648177
Low,architecture_I,13,973.2668816475075,0.045886106958511495
Low,architecture_I,14,938.0991212321511,0.045921214240252695
Low,architecture_I,15,875.4193902701412,0.0458481251558214
Low,architecture_I,16,913.9236860330934,0.0458481510795574
Low,architecture_I,17,948.3412026419564,0.0458287471175527
Low,architecture_I,18,992.9865090441521,0.0458897602609062
Low,architecture_I,19,945.2648615601108,0.0458156307997006
Low,architecture_I,20,947.6970369552841,0.0458247725366687
Low,architecture_I,21,972.5418599302805,0.0458574141219818
Low,architecture_I,22,951.2673840357876,0.0458718003454576
Low,architecture_I,23,938.0034633728178,0.0458427029834003
Low,architecture_I,24,967.6978034690804,0.045839345081602596
Low,architecture_I,25,958.2838241900639,0.045818024276872704
Low,architecture_I,26,941.2214642309981,0.0458409411986455
Low,architecture_I,27,989.0495142943167,0.045907358593447
Low,architecture_I,28,905.6043191030055,0.045822140901491906
Low,architecture_I,29,951.1333497226161,0.0458494609984959
Low,architecture_I,30,969.4547608317926,0.0459109802429993
Low,architecture_I,31,976.2248127285343,0.0459051114228623
Low,architecture_I,32,976.117720599683,0.0458131824105798
Low,architecture_I,33,939.0930128889174,0.0458056232192506
Low,architecture_I,34,936.6503419136875,0.045781972303153104
Low,architecture_I,35,956.0929282849347,0.0458685562906472
Low,architecture_I,36,980.4157868226939,0.045886604714269696
Low,architecture_I,37,960.3894177664733,0.0458679274299902
Low,architecture_I,38,962.7137808101187,0.0459472192679001
Low,architecture_I,39,970.3201953073165,0.0458697257344821
Low,architecture_I,40,950.4092620968454,0.0459070012186982
Low,architecture_I,41,956.1994364592842,0.0458116733117824
Low,architecture_I,42,961.1111139662315,0.0458392998027808
Low,architecture_I,43,946.584786780161,0.0458939109532937
Low,architecture_I,44,956.1648844161957,0.0459194589637349
Low,architecture_I,45,973.8594035620096,0.0459135500857113
Low,architecture_I,46,935.4119075591448,0.0459052364730314
Low,architecture_I,47,952.2573394341707,0.0458712148404862
Low,architecture_I,48,995.2613340332904,0.045882091498432
Low,architecture_I,49,916.2435644345933,0.0458048262366962
Low,architecture_I,50,942.3113611206433,0.0458079719868735
Low,architecture_I,51,934.7444844748604,0.0459011709395075
Low,architecture_I,52,1008.6060002867853,0.0458487608939049
Low,architecture_I,53,957.0426163153529,0.0458624629612595
Low,architecture_I,54,947.7160934162428,0.0458711503194505
Low,architecture_I,55,941.4347543692463,0.0458456018688259
Low,architecture_I,56,912.4825893338193,0.0458615181500333
Low,architecture_I,57,993.1604532381784,0.0458909465818586
Low,architecture_I,58,940.6433462141633,0.0458335949885767
Low,architecture_I,59,914.8777692194095,0.0458334784633575
Low,architecture_I,60,941.6639730079094,0.04581897668861
Low,architecture_I,61,943.8199967168904,0.0458326440318603
Low,architecture_I,62,1057.6546213768997,0.0458551701323352
Low,architecture_I,63,929.8120912777249,0.0458660526430104
Low,architecture_I,64,895.3728961037973,0.0458311492007845
Low,architecture_I,65,885.0904459157357,0.0458645204305172
Low,architecture_I,66,945.3060440626073,0.0458727507693151
Low,architecture_I,67,922.5498740318003,0.0458581770275652
Low,architecture_I,68,959.3168884008094,0.0458369913685705
Low,architecture_I,69,931.930930775783,0.0458264552116793
Low,architecture_I,70,935.5215062247265,0.0459421219921748
Low,architecture_I,71,924.9802424433349,0.0458928592122805
Low,architecture_I,72,915.3106312586367,0.0458797060190619
Low,architecture_I,73,967.3672307721623,0.0458665227528319
Low,architecture_I,74,938.5918173847335,0.0458830643991468
Low,architecture_I,75,912.8453503971327,0.0458451666968701
Low,architecture_I,76,908.6637951323062,0.045911683764914904
Low,architecture_I,77,1014.512196915548,0.0458755028469016
Low,architecture_I,78,944.094001138132,0.0458873661498679
Low,architecture_I,79,1029.0594696130122,0.0457852009839972
Low,architecture_I,80,914.4907748804079,0.045836793481711
Low,architecture_I,81,999.8324870827937,0.0459026757333837
Low,architecture_I,82,957.2459528871517,0.0458816313229924
Low,architecture_I,83,999.9552546606978,0.0459088858099407
Low,architecture_I,84,893.7312681474032,0.0458909147952695
Low,architecture_I,85,925.8601986728386,0.0458932981963516
Low,architecture_I,86,925.9364797162498,0.0458692415644686
Low,architecture_I,87,984.4973572058648,0.045839449037847105
Low,architecture_I,88,941.0898969488145,0.0459009729678406
Low,architecture_I,89,933.6800727586177,0.0458571645413534
Low,architecture_I,90,945.8228918604945,0.0458518133394671
Low,architecture_I,91,983.8013547139418,0.045864791509585896
Low,architecture_I,92,924.0364515730541,0.045887689939628704
Low,architecture_I,93,890.1931930360674,0.0458919285402203
Low,architecture_I,94,968.4937136858345,0.0458710881871173
Low,architecture_I,95,853.5114350617228,0.0458619110553215
Low,architecture_I,96,922.5911980089822,0.0458447083618094
Low,architecture_I,97,983.2363452243271,0.0458802069382359
Low,architecture_I,98,983.0655991665672,0.045828837036350496
Low,architecture_I,99,972.710868981262,0.0458295099376209
Low,architecture_I,100,969.3976131705425,0.045927739631935
Low,control,1,1206.6302567756736,0.0458280637775098
Low,control,2,1206.549024961716,0.045791854597475805
Low,control,3,1163.184762525576,0.0458630918165218
Low,control,4,1216.611908698177,0.045866211023376
Low,control,5,1143.8763469135495,0.0459054737410299
Low,control,6,1261.4184745813884,0.045845505628801596
Low,control,7,1177.8559465745534,0.0458466575010364
Low,control,8,1269.3072946011944,0.0458801833638369
Low,control,9,1231.4398761027537,0.045870365751425404
Low,control,10,1124.0219778047779,0.0458578342823091
Low,control,11,1113.162770257734,0.0458950632495289
Low,control,12,1221.772399975792,0.045866483252662696
Low,control,13,1205.8424134844604,0.0458733896825599
Low,control,14,1208.8018843974123,0.0458572132562856
Low,control,15,1144.7718263874356,0.0458562945608857
Low,control,16,1199.4258519717005,0.0458889480913287
Low,control,17,1109.70203584897,0.0458428086373897
Low,control,18,1274.5265775188475,0.0458747468812481
Low,control,19,1153.6003580731026,0.0458848794083275
Low,control,20,1151.3198797049454,0.0458478669408974
Low,control,21,1219.2481811405128,0.0458186144904731
Low,control,22,1168.7255326291317,0.045832174110936603
Low,control,23,1164.8343625306534,0.0459068548501924
Low,control,24,1157.3977829260211,0.045847859897043604
Low,control,25,1174.7757514994557,0.045876838391571396
Low,control,26,1198.518344150199,0.0458236806309075
Low,control,27,1151.7134255185565,0.0458951708612156
Low,control,28,1165.2835217785403,0.0458723534311171
Low,control,29,1151.3443264782277,0.0458458732697729
Low,control,30,1178.4138677117062,0.0458313811903487
Low,control,31,1157.0473792309815,0.0458473442219637
Low,control,32,1184.0531502211325,0.0458212725758165
Low,control,33,1248.1097704953038,0.0458496241217558
Low,control,34,1192.057875487864,0.045861934719662295
Low,control,35,1181.4364967063734,0.0458781518685894
Low,control,36,1302.5576358054013,0.0458540359283156
Low,control,37,1224.677767550127,0.045857063988820404
Low,control,38,1300.4000523400787,0.0458250605504042
Low,control,39,1135.0921242193197,0.0458919525288351
Low,control,40,1109.9475018735575,0.0458821942413234
Low,control,41,1254.110896603129,0.0458790761256504
Low,control,42,1171.094521417405,0.0458912259862619
Low,control,43,1238.622575120779,0.0458713867359605
Low,control,44,1220.0279315654848,0.0458014048693347
Low,control,45,1143.9654342059616,0.0458611069391317
Low,control,46,1215.80627536081,0.0459163419330716
Low,control,47,1225.483785908151,0.0458834418585298
Low,control,48,1180.1675830349582,0.0458534849503957
Low,control,49,1301.941395832461,0.0458062698576037
Low,control,50,1185.0881199896594,0.045885185718914596
Low,control,51,1195.145193736561,0.045887511989426095
Low,control,52,1209.5362293482485,0.0458733002436553
Low,control,53,1180.8303420444868,0.045838297568964896
Low,control,54,1259.7841716882654,0.0458957227103966
Low,control,55,1224.082010365445,0.045896333061600396
Low,control,56,1163.9865300918875,0.0459192698755246
Low,control,57,1245.4217334758723,0.045871634037234904
Low,control,58,1190.963450383899,0.0458499172959887
Low,control,59,1149.867373985259,0.0458625082403112
Low,control,60,1168.0244870948711,0.0458904999961878
Low,control,61,1202.201397543331,0.0459216713805364
Low,control,62,1155.9831142097257,0.0458750489627106
Low,control,63,1151.1571735901337,0.0458548322493033
Low,control,64,1176.447119620503,0.0458677641937648
Low,control,65,1257.8403144514025,0.0458831806295123
Low,control,66,1218.4395790846988,0.0458738360532576
Low,control,67,1143.163564752297,0.0458655935210579
Low,control,68,1233.4261758159407,0.0458895601585275
Low,control,69,1186.1618309460348,0.0459107472762786
Low,control,70,1268.2765596054116,0.0458505859344141
Low,control,71,1168.4323895435966,0.045874619464315
Low,control,72,1185.3640947621009,0.045836539054198704
Low,control,73,1242.9310476430205,0.0458462089343478
Low,control,74,1153.1420482750127,0.045878038645159
Low,control,75,1244.1390454559203,0.045875750400806596
Low,control,76,1247.0948133268118,0.0458541882748756
Low,control,77,1253.5674437814123,0.0458652247838045
Low,control,78,1209.5094670694846,0.0459011445510208
Low,control,79,1191.693673067375,0.045892561163952496
Low,control,80,1183.086890927498,0.045905302718023504
Low,control,81,1198.7654854758603,0.04581224052564
Low,control,82,1158.6622393897856,0.0457906461444045
Low,control,83,1225.8711894802868,0.0458511704894897
Low,control,84,1042.8210788286178,0.0458837950116515
Low,control,85,1251.1188699256227,0.0458396073557722
Low,control,86,1269.8644104247128,0.0458636818556375
Low,control,87,1216.023351452646,0.0458552564147127
Low,control,88,1261.1707612394152,0.0458398860219709
Low,control,89,1233.1193343484003,0.0458626203852984
Low,control,90,1090.4057942468037,0.0458368840856363
Low,control,91,1286.4868245221865,0.0458656420914529
Low,control,92,1211.8715502401383,0.045847219759378
Low,control,93,1193.6257659760147,0.0458264324561823
Low,control,94,1198.9914187829827,0.0458926399437265
Low,control,95,1173.7401102717972,0.0458747036769498
Low,control,96,1244.5106056898844,0.0458008976449244
Low,control,97,1303.943556896135,0.045885929413075
Low,control,98,1243.6911868513407,0.0458261789446662
Low,control,99,1238.6998890752398,0.0458387103409443
Low,control,100,1349.2629155630293,0.045852158963071
